Price,Close,High,Low,Open,Volume
Ticker,CDZIP,CDZIP,CDZIP,CDZIP,CDZIP
Date,,,,,
2021-06-30,15.311172485351562,15.434650157640831,15.162999985146653,15.162999985146653,75000
2021-07-01,15.397604942321777,15.453169768489468,15.311170114077497,15.403778942737096,171800
2021-07-02,15.409950256347656,15.4161242561583,15.342038613570699,15.403777434107072,99500
2021-07-06,15.403779983520508,15.422300808447682,15.385257981023083,15.40377998352051,39100
2021-07-07,15.403779983520508,15.434648810112634,15.348215153598483,15.434648810112634,40900
2021-07-08,15.403779983520508,15.40377998352051,15.342041152766008,15.379083980190607,23400
2021-07-09,15.409950256347656,15.47292434787418,15.372907435053856,15.372907435053856,265000
2021-07-12,15.391430854797363,15.496386506123422,15.391430854797363,15.496386506123422,31100
2021-07-13,15.372907638549805,15.434646459903433,15.372907638549805,15.403777638011656,39700
2021-07-14,15.38525676727295,15.434647592466034,15.372908766582137,15.385256767272947,10700
2021-07-15,15.335866928100586,15.37290975498453,15.335866928100584,15.37290975498453,17000
2021-07-16,15.372907638549805,15.397603638119286,15.342038816658027,15.397603638119286,25800
2021-07-19,15.249430656433105,15.372907117384244,15.249430656433105,15.372907117384244,36300
2021-07-20,15.304998397827148,15.348215226288902,15.249433567641963,15.348215226288902,28500
2021-07-21,15.311172485351562,15.366737320124697,15.280303656064422,15.329694489466059,19100
2021-07-22,15.355621337890625,15.355621337890625,15.31116924396858,15.31116924396858,3600
2021-07-23,15.428474426269531,15.434648426948739,15.360561596368486,15.372909597726899,2900
2021-07-26,15.41612434387207,15.446994343100926,15.38834193335113,15.38834193335113,203900
2021-07-27,15.382169723510742,15.434646957934065,15.348213311792069,15.409950957567716,6100
2021-07-28,15.372907638549805,15.416742684514611,15.372907638549805,15.416742684514611,10000
2021-07-29,15.372907638549805,15.403777638011656,15.372907638549805,15.403777638011656,18000
2021-07-30,15.379081726074219,15.39760372585687,15.37290772614667,15.39760372585687,8500
2021-08-02,15.372907638549805,15.403777638011656,15.372907638549805,15.379081638442175,7500
2021-08-03,15.379081726074219,15.434646547852093,15.37290772614667,15.434646547852093,5800
2021-08-04,15.372907638549805,15.403777638011656,15.372907638549805,15.372907638549805,6400
2021-08-05,15.372907638549805,15.425386048849916,15.360559638765066,15.422298460118693,3100
2021-08-06,15.403779983520508,15.416126807615207,15.379083980190607,15.416126807615207,1700
2021-08-09,15.360560417175293,15.434647242068078,15.342039594129696,15.359943370425809,1600
2021-08-10,15.397604942321777,15.403778942737096,15.311170114077497,15.372908940660507,6700
2021-08-11,15.372907638549805,15.372907638549805,15.311168817196178,15.311168817196178,6000
2021-08-12,15.372907638549805,15.391429638226915,15.335864816765659,15.391429638226915,4200
2021-08-13,15.421684265136719,15.434649314037136,15.334015334565677,15.403780486437178,13700
2021-08-16,15.440823554992676,15.453171557252642,15.421684504760824,15.42230155160273,13600
2021-08-17,15.453168869018555,15.484037691728215,15.434646868850695,15.434646868850695,7300
2021-08-18,15.440823554992676,15.440823554992678,15.434649553862695,15.437118918800627,3200
2021-08-19,15.496386528015137,15.496386528015137,15.434647701694326,15.434647701694326,19900
2021-08-20,15.440823554992676,15.446997556122659,15.440823554992678,15.440823554992678,1000
2021-08-23,15.437734603881836,15.446996193544999,15.434648192374251,15.434648192374251,12700
2021-08-24,15.434649467468262,15.440823468563686,15.434649467468262,15.440823468563686,3000
2021-08-25,15.434649467468262,15.496388300852194,15.434649467468262,15.496388300852194,4200
2021-08-26,15.465516090393066,15.465516090393068,15.434647266887346,15.434647266887346,25600
2021-08-27,15.440823554992676,15.440823554992678,15.440823554992678,15.440823554992678,900
2021-08-30,15.446998596191406,15.465519423258078,15.446998596191406,15.465519423258078,1700
2021-08-31,15.43958854675293,15.446997819263249,15.434649816792936,15.446997819263249,5400
2021-09-01,15.435264587402344,15.440821540965597,15.434647540640922,15.440821540965597,1900
2021-09-02,15.440823554992676,15.570474046011375,15.434649553862695,15.471692383072279,22400
2021-09-03,15.440823554992676,15.440823554992678,15.434649553862695,15.440823554992678,5200
2021-09-07,15.434649467468262,15.527257128759011,15.434649467468262,15.527257128759011,13100
2021-09-08,15.440823554992676,15.440823554992678,15.434649553862695,15.434649553862695,9700
2021-09-09,15.434649467468262,15.440823468563686,15.434649467468262,15.440823468563686,15400
2021-09-10,15.434649467468262,15.440823468563686,15.434649467468262,15.440823468563686,4300
2021-09-13,15.440823554992676,15.465518381942296,15.428475552732714,15.443292919930608,24800
2021-09-14,15.434649467468262,15.440823468563686,15.434649467468262,15.440823468563686,6100
2021-09-15,15.434649467468262,15.440823468563686,15.434649467468262,15.440823468563686,10000
2021-09-16,15.440823554992676,15.496388387592207,15.434649553862695,15.434649553862695,4500
2021-09-17,15.440823554992676,15.440823554992678,15.434649553862695,15.440823554992678,7400
2021-09-20,15.434649467468262,15.440823468563686,15.434649467468262,15.434649467468262,2200
2021-09-21,15.43958854675293,15.545779483885099,15.379084983246855,15.545779483885099,6000
2021-09-22,15.379081726074219,15.448228641150656,15.37290772614667,15.448228641150656,13600
2021-09-23,15.434649467468262,15.434649467468262,15.434649467468262,15.434649467468262,500
2021-09-24,15.311172485351562,15.372911321496197,15.311172485351562,15.372911321496197,2300
2021-09-27,15.428474426269531,15.428474426269531,15.34204077190109,15.360561596368486,2500
2021-09-28,15.403779983520508,15.40377998352051,15.40377998352051,15.40377998352051,3500
2021-09-29,15.335249900817871,15.459344607485797,15.324754217299517,15.41612660223424,4600
2021-09-30,15.440823554992676,15.465518381942296,15.403780725783093,15.425389140952877,48300
2021-10-01,15.440823554992676,15.465518381942296,15.379084721263164,15.465518381942296,17200
2021-10-04,15.611822128295898,15.741023716458226,15.54848792170656,15.706822834180148,3900
2021-10-05,15.548489570617676,15.643491494576358,15.548489570617676,15.630824410315247,5000
2021-10-06,15.63082504272461,15.63082504272461,15.516823695761513,15.516823695761513,3000
2021-10-07,15.57698917388916,15.63082367546815,15.485155837312552,15.630190683684747,4600
2021-10-08,15.567492485046387,15.57699219563862,15.567492485046387,15.57699219563862,500
2021-10-11,15.453486442565918,15.594720906833425,15.45348644256592,15.485154148275768,2500
2021-10-12,15.516820907592773,15.542155072587775,15.453486703104744,15.485154409348496,1900
2021-10-13,15.580155372619629,15.660588811024907,15.516821167072495,15.516821167072495,2200
2021-10-14,15.706826210021973,15.70682621002197,15.580158977618435,15.656159075460602,3300
2021-10-15,15.694161415100098,15.801829234470834,15.694161415100096,15.700494958357181,1400
2021-10-18,15.72835636138916,15.72835636138916,15.52315469526989,15.52315469526989,1100
2021-10-19,15.570026397705078,15.570026397705078,15.472492487541734,15.472492487541734,4200
2021-10-20,15.519989013671875,15.700491941819111,15.519989013671875,15.700491941819111,3500
2021-10-21,15.307818412780762,15.700489502263515,15.295151330668542,15.700489502263515,14800
2021-10-22,15.516820907592773,15.516820907592773,15.30781887838191,15.30781887838191,10400
2021-10-25,15.32681941986084,15.421820122083224,15.326819419860838,15.39585296550257,8900
2021-10-26,15.32681941986084,15.33948529429088,15.326819419860838,15.326819419860838,7000
2021-10-27,15.231818199157715,15.326820113680146,15.231818199157715,15.326820113680146,3400
2021-10-28,14.851816177368164,15.231819024038899,14.725147756478194,15.231819024038899,10900
2021-10-29,14.592147827148438,14.851817017461439,14.509812986512808,14.832816390853296,8400
2021-11-01,14.668779373168945,14.725147047270065,14.617479257099077,14.725147047270065,5500
2021-11-02,14.569981575012207,14.642182515193499,14.566815407530484,14.617482543236685,5200
2021-11-03,14.595312118530273,14.651679791290567,14.573145327669371,14.595312118530273,3800
2021-11-04,14.617480278015137,14.617480278015138,14.592147318087703,14.592147318087703,800
2021-11-05,14.609882354736328,14.6681490145594,14.57314829041324,14.60798217113344,2400
2021-11-08,14.564912796020508,14.693481401543805,14.554145895577694,14.68714785963629,16100
2021-11-09,14.554145812988281,14.558579171498423,14.55414581298828,14.55414581298828,3500
2021-11-10,14.490812301635742,14.559214073950145,14.490812301635744,14.509812928167483,3000
2021-11-11,14.566811561584473,14.813813631938462,14.490810274091217,14.50347735667334,12200
2021-11-12,14.710580825805664,14.769481679106304,14.566813167447838,14.566813167447838,5100
2021-11-15,14.566811561584473,14.682078872283139,14.566811561584473,14.573145102875536,1900
2021-11-16,14.427480697631836,14.566815015069979,14.408480069254002,14.566815015069979,12800
2021-11-17,14.390745162963867,14.459145726938912,14.376812095042915,14.408478597772225,11100
2021-11-18,14.047475814819336,14.376812773954796,14.047475814819336,14.350845612330705,18500
2021-11-19,13.616805076599121,14.047476314162214,13.616805076599121,14.047476314162214,5500
2021-11-22,12.983464241027832,13.80680539262486,12.983464241027832,13.787805974172398,3900
2021-11-23,12.350125312805176,12.996132157548764,11.786453313293466,12.996132157548764,7500
2021-11-24,12.033454895019531,12.35012476067794,12.001788391653559,12.35012476067794,12700
2021-11-26,11.970118522644043,12.350122534537393,11.970118522644043,12.03345272595951,10000
2021-11-29,12.046120643615723,12.350123391013078,12.033453560474282,12.033453560474282,10600
2021-11-30,12.41029167175293,12.41029167175293,12.03345496432883,12.03345496432883,16100
2021-12-01,12.983464241027832,12.983464241027832,12.825129311259198,12.939763645787734,1000
2021-12-02,12.673126220703125,12.991696220878053,12.673126220703125,12.983462496388572,1400
2021-12-03,12.350125312805176,12.733929777317451,12.033455432989658,12.666795192620693,7900
2021-12-06,12.343792915344238,12.350126458488058,12.033456549296057,12.160124996172792,12200
2021-12-07,12.350125312805176,12.476793747931271,12.05245606065849,12.204457458009971,19200
2021-12-08,12.134157180786133,12.508460742108829,12.033455903800899,12.160124343882922,7700
2021-12-09,12.033454895019531,12.182290118438878,12.033454895019531,12.03978843729266,11400
2021-12-10,12.229788780212402,12.324789489817453,12.033453819295357,12.033453819295357,7100
2021-12-13,12.128458023071289,12.128458023071289,12.080324058630913,12.080324058630913,500
2021-12-14,12.033454895019531,12.14872222359133,12.033454895019531,12.033454895019531,11600
2021-12-15,12.077787399291992,12.07778739929199,12.033453815357447,12.033453815357447,11300
2021-12-16,11.932120323181152,12.039788123014514,11.871953485156489,12.033454580906712,24700
2021-12-17,11.780117988586426,11.925785821344325,11.71678378060487,11.906785196549997,32400
2021-12-20,11.427980422973633,11.766182821053208,11.187944892217006,11.766182821053208,16600
2021-12-21,11.156911849975586,11.400114791729669,11.083444936403845,11.400114791729669,18500
2021-12-22,10.95741081237793,11.115111541695224,10.92511010993961,11.08344503906917,15800
2021-12-23,10.918776512145996,10.950444222610237,10.836442880938238,10.925110054238845,50700
2021-12-27,10.830109596252441,10.918776771660463,10.766775381818283,10.918776771660463,24500
2021-12-28,10.766775131225586,10.830109344185665,10.766775131225586,10.77437465694097,10300
2021-12-29,10.576772689819336,11.349446631710515,10.462771358983034,10.779441185528528,15700
2021-12-30,10.621108055114746,10.792110080073595,10.291771090305051,10.608440970006745,40300
2021-12-31,10.608439445495605,10.79210852916785,10.450104528398656,10.669873470641193,18500
2022-01-03,10.576772689819336,10.576772689819334,10.545104982365073,10.576772689819334,1800
2022-01-04,11.086610794067383,11.464714668087474,10.298103552789028,10.298103552789028,3200
2022-01-05,10.959029197692871,11.312335812620933,10.959029197692871,11.299250105122468,3100
2022-01-06,11.053898811340332,11.122596904484453,10.991742324086518,11.122596904484453,1000
2022-01-07,10.972115516662598,11.08464936282431,10.95902980843487,11.057170124299176,4400
2022-01-10,10.959029197692871,11.155309818482849,10.959029197692871,10.959029197692871,4600
2022-01-11,11.116053581237793,11.122596434773559,10.959028840144537,11.122596434773559,1700
2022-01-12,11.096424102783203,11.096424102783203,11.096424102783203,11.096424102783203,200
2022-01-13,11.0702543258667,11.18802318804427,11.0702543258667,11.18802318804427,500
2022-01-14,11.04277515411377,11.089882948838019,11.04277515411377,11.089882948838019,400
2022-01-18,10.4683256149292,11.083340094224354,10.36364245861364,11.083340094224354,6600
2022-01-19,10.141191482543945,10.468326691658266,10.108477836840335,10.468326691658266,2600
2022-01-20,9.814055442810059,10.010336676458428,9.172870786714338,9.977623033523559,65500
2022-01-21,9.814055442810059,10.468325805664062,9.755171010319463,9.814055442810059,13300
2022-01-24,9.486920356750488,9.755171108383491,9.480377503305576,9.755171108383491,15800
2022-01-25,9.159786224365234,10.141191891261508,9.153243370168639,9.314848624227773,28700
2022-01-26,8.839194297790527,9.388781598538676,8.832651443267109,9.159786681906631,22600
2022-01-27,8.75413703918457,8.83919225646347,8.70179546300691,8.83919225646347,13400
2022-01-28,8.610199928283691,8.636370724079407,8.51205960004,8.636370724079407,19200
2022-01-31,8.51205825805664,8.832650612000874,8.505515404148989,8.623284278643153,12800
2022-02-01,8.505514144897461,8.512056997836435,8.440086863429315,8.512056997836435,13300
2022-02-02,8.474763870239258,8.737780205946924,8.440087247254363,8.737780205946924,2500
2022-02-03,8.51205825805664,8.51205825805664,8.446630966901909,8.446630966901909,1600
2022-02-04,8.513365745544434,8.525142382083587,8.505514446531391,8.505514446531391,1300
2022-02-07,8.81302261352539,8.81302261352539,8.81302261352539,8.81302261352539,200
2022-02-08,8.803861618041992,8.819563591538126,8.803861618041992,8.819563591538126,1200
2022-02-09,8.776382446289062,8.799282433346935,8.64487458622316,8.799282433346935,1100
2022-02-10,8.767223358154297,8.83265064958745,8.505515440343471,8.806479857806368,6000
2022-02-11,8.996216773986816,9.480376654254426,8.831994661407755,8.832649196277966,1500
2022-02-14,8.996216773986816,8.996216773986816,8.996216773986816,8.996216773986816,0
2022-02-15,8.996216773986816,8.996216773986816,8.996216773986816,8.996216773986816,0
2022-02-16,9.650487899780273,9.650487899780273,9.467946282949647,9.467946282949647,1300
2022-02-17,9.650487899780273,9.806204192000378,9.650487899780273,9.714606116122322,600
2022-02-18,9.464021682739258,9.464021682739258,9.464021682739258,9.464021682739258,400
2022-02-22,9.221940994262695,9.61254048308843,9.221940994262695,9.473834611257004,1400
2022-02-23,9.709372520446777,9.807512827674561,8.701796162134046,9.807512827674561,5100
2022-02-24,8.82872486114502,8.82872486114502,8.82872486114502,8.82872486114502,200
2022-02-25,8.913125991821289,8.913125991821289,8.913125991821289,8.913125991821289,400
2022-02-28,8.858820915222168,8.858820915222168,8.858820915222168,8.858820915222168,200
2022-03-01,8.826107025146484,8.865363521371524,8.708338784393046,8.858820668007212,7800
2022-03-02,8.826107025146484,8.826107025146484,8.826107025146484,8.826107025146484,0
2022-03-03,8.669081687927246,8.741051198069059,8.669081687927246,8.708338181434195,10900
2022-03-04,8.521871566772461,8.570942345114034,8.521871566772461,8.557856637833384,12200
2022-03-07,8.505514144897461,8.570941426365607,8.505514144897461,8.544770638570508,4500
2022-03-08,8.538228988647461,8.538228988647461,8.505515343304113,8.51205819716496,2100
2022-03-09,8.538228988647461,8.538228988647461,8.538228988647461,8.538228988647461,0
2022-03-10,8.780308723449707,9.192499145890263,8.669082706729515,8.826107451289479,2500
2022-03-11,8.505514144897461,8.682167430484977,8.505514144897461,8.682167430484977,4200
2022-03-14,8.427002906799316,8.505515280668645,8.374661324219765,8.505515280668645,21600
2022-03-15,8.309234619140625,8.387746998538695,8.309234619140625,8.387746998538695,4200
2022-03-16,8.186885833740234,8.309234587551872,8.186885833740234,8.309234587551872,2000
2022-03-17,8.186885833740234,8.186885833740234,8.186885833740234,8.186885833740234,0
2022-03-18,8.186885833740234,8.186885833740234,8.186885833740234,8.186885833740234,0
2022-03-21,9.61777400970459,9.65048765196103,9.088469287149252,9.140156954227377,5300
2022-03-22,10.298215866088867,10.389813946001789,9.787885132770288,9.800970216208778,2500
2022-03-23,9.98089599609375,10.468327416551622,9.98089599609375,10.324387739864974,3300
2022-03-24,9.89583969116211,10.455240577508402,9.414951177077004,9.414951177077004,900
2022-03-25,9.408407211303711,9.408407211303711,9.408407211303711,9.408407211303711,1000
2022-03-28,9.408407211303711,9.408407211303711,9.408407211303711,9.408407211303711,0
2022-03-29,10.635165214538574,11.1880245226064,10.141191592505356,10.461783951162975,4600
2022-03-30,11.210922241210938,11.31887619661565,11.188022879521403,11.188022879521403,1100
2022-03-31,11.318876266479492,11.31887626647949,11.253450231489346,11.286163248984419,5100
2022-04-01,11.69392204284668,11.96760156142659,11.69392204284668,11.96760156142659,500
2022-04-04,12.163570404052734,12.163570404052734,12.163570404052734,12.163570404052734,200
2022-04-05,10.94721508026123,12.163571738557616,10.94721508026123,12.095996082230386,700
2022-04-06,11.776363372802734,11.825693377099363,11.203999730861636,11.825693377099363,700
2022-04-07,12.163570404052734,12.163570404052734,11.893269097297889,11.893269097297889,8500
2022-04-08,11.960844039916992,11.98787352454722,11.957464548776823,11.98787352454722,3400
2022-04-11,11.994632720947266,11.994632720947266,11.680407028244382,11.758118578529192,2400
2022-04-12,11.994632720947266,11.994632720947266,11.524983927674763,11.524983927674763,700
2022-04-13,12.163570404052734,12.163570404052734,11.964898331361232,11.964898331361232,2800
2022-04-14,12.163570404052734,12.163570404052734,11.99463192621867,11.99463192621867,1600
2022-04-18,12.163570404052734,12.163570404052734,12.163570404052734,12.163570404052734,1600
2022-04-19,12.163570404052734,12.163570404052734,11.9797657732391,12.163570404052734,4400
2022-04-20,11.56890869140625,11.866239514257327,11.56890869140625,11.866239514257327,2200
2022-04-21,11.068849563598633,11.386454757323632,11.068849563598633,11.386454757323632,800
2022-04-22,11.298604011535645,11.893268126768055,11.145208370805662,11.247923245660122,1100
2022-04-25,11.825693130493164,12.02841878288517,11.751359789796906,11.751359789796906,600
2022-04-26,11.487815856933594,11.62296714728034,11.386453033622649,11.521603035071166,1700
2022-04-27,11.61080265045166,11.61080265045166,11.38645315585738,11.487815980256466,400
2022-04-28,11.048577308654785,11.048577308654785,11.048577308654785,11.048577308654785,600
2022-04-29,11.258060455322266,11.258060455322266,11.258060455322266,11.258060455322266,600
2022-05-02,11.538498878479004,11.538498878479004,11.538498878479004,11.538498878479004,300
2022-05-03,11.918270111083984,11.918270111083984,11.285089854467254,11.285089854467254,500
2022-05-04,11.744601249694824,11.744601249694824,11.37293715079808,11.37293715079808,400
2022-05-05,11.226300239562988,11.226300239562988,11.062092019615175,11.062092019615175,700
2022-05-06,11.69189453125,11.69189453125,11.69189453125,11.69189453125,100
2022-05-09,11.53714656829834,11.53714656829834,11.53714656829834,11.53714656829834,300
2022-05-10,11.53714656829834,11.53714656829834,11.53714656829834,11.53714656829834,0
2022-05-11,11.048577308654785,11.048577308654785,11.048577308654785,11.048577308654785,200
2022-05-12,10.136308670043945,10.393095233685624,9.798431714375814,10.393095233685624,1100
2022-05-13,10.068733215332031,10.068733215332031,10.068733215332031,10.068733215332031,100
2022-05-16,9.455148696899414,9.455148696899414,9.332162018328885,9.332162018328885,500
2022-05-17,10.08224868774414,10.085627534728237,9.467312714520132,9.467312714520132,1200
2022-05-18,9.93358325958252,10.021431353277064,9.615978712294428,9.615978712294428,300
2022-05-19,10.70394229888916,10.70394229888916,10.629608954526574,10.70394229888916,500
2022-05-20,11.302659034729004,11.302659034729004,10.752595300868705,10.752595300868705,1000
2022-05-23,10.994516372680664,10.994516372680664,10.703941986540626,10.703941986540626,700
2022-05-24,10.994516372680664,10.994516372680664,10.994516372680664,10.994516372680664,0
2022-05-25,11.028304100036621,11.028304100036621,10.102521279112146,10.102521279112146,900
2022-05-26,11.318878173828125,11.318878173828125,10.557978985732102,10.602578734195403,1000
2022-05-27,11.474300384521484,11.474300384521484,11.372262179300492,11.440513206635963,2400
2022-05-31,11.474300384521484,11.474300384521484,11.474300384521484,11.474300384521484,1000
2022-06-01,11.3614501953125,11.3614501953125,10.967485545790318,10.967485545790318,400
2022-06-02,11.339150428771973,11.393210686940805,10.981000412842072,10.981000412842072,1000
2022-06-03,11.305363655090332,11.305363655090332,11.014789240575901,11.014789240575901,300
2022-06-06,11.305363655090332,11.305363655090332,11.305363655090332,11.305363655090332,0
2022-06-07,11.318878173828125,11.318878173828125,11.05533455715362,11.05533455715362,300
2022-06-08,10.541762351989746,10.583658639926586,10.528246963046161,10.583658639926586,5800
2022-06-09,10.541762351989746,10.541762351989746,10.541762351989746,10.541762351989746,0
2022-06-10,10.541762351989746,10.541762351989746,10.541762351989746,10.541762351989746,0
2022-06-13,9.96737003326416,10.13630850840423,9.832219382041933,10.13630850840423,2900
2022-06-14,10.920183181762695,10.920183181762695,9.933582438415618,9.933582438415618,600
2022-06-15,11.285090446472168,11.352664804161424,10.832335289903565,11.285090446472168,900
2022-06-16,11.45403003692627,11.45403003692627,11.3864543837403,11.3864543837403,800
2022-06-17,10.649880409240723,11.454027819811248,10.426881699120946,11.454027819811248,3800
2022-06-21,10.737730026245117,11.440514077623423,10.737730026245117,11.440514077623423,400
2022-06-22,10.325519561767578,10.6904266472982,10.325519561767578,10.6904266472982,1300
2022-06-23,10.81206226348877,11.29860460134239,10.737729567428971,10.744486616562313,1100
2022-06-24,11.825693130493164,12.136539302680674,10.660017406993472,10.812062290736607,13500
2022-06-27,11.81690788269043,12.16356995640595,10.812062183471957,12.16356995640595,7000
2022-06-28,11.690540313720703,12.106805420727362,11.690540313720703,12.02841721630105,3500
2022-06-29,11.487815856933594,12.163569730870865,11.141830461215305,12.163569730870865,3900
2022-06-30,12.577901840209961,12.577901840209961,11.879129515753851,12.535975873927276,6000
2022-07-01,12.556938171386719,12.577901820897091,12.19357757615732,12.577901820897091,2300
2022-07-05,11.641546249389648,12.403208152415704,11.641546249389648,12.403208152415704,1600
2022-07-06,11.99093246459961,11.99093246459961,11.988137578008129,11.988137578008129,500
2022-07-07,11.99093246459961,11.99093246459961,11.99093246459961,11.99093246459961,0
2022-07-08,11.99093246459961,11.99093246459961,11.99093246459961,11.99093246459961,300
2022-07-11,11.99093246459961,11.99093246459961,11.99093246459961,11.99093246459961,0
2022-07-12,11.683470726013184,11.955992790827688,11.683470726013184,11.955992790827688,400
2022-07-13,11.306135177612305,11.634557654123075,10.865908581726412,11.634557654123075,3500
2022-07-14,10.998675346374512,11.431914739282295,10.104247029277015,11.17336841350143,10800
2022-07-15,11.774313926696777,11.774313926696777,11.313124299452133,11.313124299452133,1600
2022-07-18,11.774313926696777,11.774313926696777,11.774313926696777,11.774313926696777,0
2022-07-19,11.01125431060791,12.109724066229203,11.01125431060791,11.362037908565345,3200
2022-07-20,11.949006080627441,12.45910951772967,11.180356317255649,11.180356317255649,10600
2022-07-21,11.634557723999023,12.018883262107293,11.543717917712952,11.949005770378308,6200
2022-07-22,11.606608390808105,11.67648455493531,11.606608390808105,11.67648455493531,5800
2022-07-25,11.606608390808105,11.606608390808105,11.606608390808105,11.606608390808105,0
2022-07-26,11.243246078491211,11.858165097728964,11.243246078491211,11.858165097728964,900
2022-07-27,11.696749687194824,11.696749687194824,11.696749687194824,11.696749687194824,700
2022-07-28,11.701641082763672,11.701641082763672,11.701641082763672,11.701641082763672,300
2022-07-29,11.701641082763672,11.701641082763672,11.701641082763672,11.701641082763672,0
2022-08-01,12.37525749206543,12.570914226922707,11.861660728869085,11.879129770795055,7200
2022-08-02,12.577901840209961,12.577901840209961,12.508024341203862,12.508024341203862,7500
2022-08-03,12.542962074279785,12.577900152694143,12.521998427549816,12.521998427549816,2900
2022-08-04,12.542962074279785,12.542962074279785,12.542962074279785,12.542962074279785,0
2022-08-05,12.305380821228027,12.305380821228027,12.088760445235124,12.228515440533615,2200
2022-08-08,12.333330154418945,12.333330154418947,12.333330154418947,12.333330154418947,200
2022-08-09,12.333330154418945,12.333330154418947,12.333330154418947,12.333330154418947,0
2022-08-10,11.879128456115723,12.438145732694359,11.842792266497996,12.438145732694359,3100
2022-08-11,11.879128456115723,11.879128456115723,11.879128456115723,11.879128456115723,100
2022-08-12,12.53597354888916,12.53597354888916,12.53597354888916,12.53597354888916,900
2022-08-15,12.298391342163086,12.647777452265434,12.298391342163086,12.542961885795176,7500
2022-08-16,12.57091236114502,12.577900243438757,12.438145263168531,12.438145263168531,1900
2022-08-17,12.57091236114502,12.577900243438757,12.445133145462268,12.445133145462268,1900
2022-08-18,12.57091236114502,12.57091236114502,12.57091236114502,12.57091236114502,0
2022-08-19,12.38923168182373,12.38923168182373,12.38923168182373,12.38923168182373,200
2022-08-22,12.38923168182373,12.38923168182373,12.38923168182373,12.38923168182373,0
2022-08-23,12.542962074279785,12.542962074279785,12.137674233782842,12.137674233782842,1500
2022-08-24,12.542962074279785,12.542962074279785,12.542962074279785,12.542962074279785,0
2022-08-25,12.480073928833008,12.562529083040022,12.235503352876238,12.235503352876238,1300
2022-08-26,12.577901840209961,12.791027612417464,12.577901840209961,12.791027612417464,700
2022-08-29,11.835104942321777,12.542961522059226,11.835104942321777,12.494046348509517,1200
2022-08-30,12.15164852142334,12.15164852142334,11.310327767894435,12.15164852142334,3300
2022-08-31,12.15164852142334,12.15164852142334,12.15164852142334,12.15164852142334,0
2022-09-01,12.19357681274414,12.19357681274414,12.19357681274414,12.19357681274414,200
2022-09-02,11.983945846557617,12.011897381027302,11.983945846557617,12.011897381027302,1000
2022-09-06,11.879128456115723,11.879128456115723,11.082527837389428,11.082527837389428,2100
2022-09-07,11.85816478729248,11.85816478729248,11.85816478729248,11.85816478729248,600
2022-09-08,10.786248207092285,10.786248207092285,10.786248207092285,10.786248207092285,400
2022-09-09,10.768080711364746,11.29914780327193,10.768080711364746,11.29914780327193,1100
2022-09-12,11.935029029846191,12.095746314723456,11.047588689278097,11.047588689278097,9200
2022-09-13,11.935029029846191,11.935029029846191,11.935029029846191,11.935029029846191,0
2022-09-14,11.159394264221191,11.16638148103593,11.159394264221191,11.16638148103593,400
2022-09-15,11.281678199768066,11.299147239308407,11.281678199768066,11.299147239308407,300
2022-09-16,10.912727355957031,11.879129761936822,10.912727355957031,11.355050507733727,5000
2022-09-19,10.830970764160156,10.935786343704452,10.830970764160156,10.935786343704452,3300
2022-09-20,10.900848388671875,11.110479550206895,10.782057041721385,11.110479550206895,2800
2022-09-21,10.89385986328125,11.05457716650241,10.89385986328125,11.05457716650241,700
2022-09-22,10.481584548950195,10.712179355715005,10.481584548950195,10.712179355715005,3400
2022-09-23,10.586400032043457,11.739374055429943,9.768836391314425,10.132198305594525,14000
2022-09-26,11.033614158630371,11.459865005047972,10.816994460889552,10.823982343552421,4300
2022-09-27,11.04060173034668,11.389987190434974,10.928798276494241,11.033613847880615,5300
2022-09-28,10.111235618591309,11.110479579243496,8.580923870418534,10.970725249054505,18900
2022-09-29,10.411706924438477,10.411706924438477,10.132198273119785,10.160149138251654,500
2022-09-30,10.516522407531738,10.516522407531738,10.481583662044693,10.481583662044693,700
2022-10-03,10.879161834716797,11.568175279246498,10.298939731862871,10.915425845834882,8100
2022-10-04,10.29821491241455,11.103998214570105,10.21190657928757,10.516523167756876,11900
2022-10-05,9.936300277709961,10.429489132836185,9.84201413236651,10.161136576864102,3400
2022-10-06,10.15678596496582,10.36421551390125,10.15678596496582,10.233665341725612,800
2022-10-07,10.0813570022583,10.226413056017376,9.936301640177751,10.045093680497057,2500
2022-10-10,9.900036811828613,10.023334032367654,9.580915041519521,9.870300862764932,5300
2022-10-11,9.602675437927246,10.132128455520753,9.580917303189567,10.064677338651725,13900
2022-10-12,9.06596851348877,9.588893372609965,9.06596851348877,9.580915552722072,2600
2022-10-13,8.47124195098877,9.283552718775853,8.304427755886131,9.283552718775853,6800
2022-10-14,8.703330039978027,8.703330039978027,8.558274677647432,8.703330039978027,11700
2022-10-17,9.283551216125488,9.290804156407841,9.283551216125488,9.283551216125488,1700
2022-10-18,9.138498306274414,9.392345058756202,9.036959190274516,9.036959190274516,1900
2022-10-19,9.457618713378906,10.734107298418644,9.283552276785814,9.428607640613391,33200
2022-10-20,8.41321849822998,10.37146742870534,8.036073901119968,9.566409035519916,36200
2022-10-21,8.6308012008667,8.6308012008667,8.6308012008667,8.6308012008667,400
2022-10-24,8.645307540893555,8.688823801970841,8.340690946638563,8.413218970672036,4000
2022-10-25,8.790363311767578,8.790363311767578,8.478493762068181,8.536516599037968,800
2022-10-26,8.739595413208008,8.739595413208008,8.739595413208008,8.739595413208008,500
2022-10-27,8.478494644165039,8.478494644165039,8.463989452172381,8.463989452172381,500
2022-10-28,8.41321849822998,8.41321849822998,8.282668338972137,8.347943418601059,3000
2022-10-31,8.500252723693848,8.659813280003151,8.471241650575925,8.659813280003151,2000
2022-11-01,8.630074501037598,8.703327384790871,8.536513941921305,8.703327384790871,1400
2022-11-02,8.55827522277832,9.240035814997041,8.55827522277832,9.240035814997041,900
2022-11-03,8.304426193237305,8.768603983918984,8.304426193237305,8.768603983918984,5600
2022-11-04,7.905523300170898,8.289920816135913,7.724203952078186,8.282667876209382,11800
2022-11-07,7.760467052459717,7.920028253790865,7.7242030487465,7.920028253790865,8800
2022-11-08,7.669808864593506,7.724204534789224,7.550138113491537,7.724204534789224,5300
2022-11-09,7.970798969268799,8.587285075328802,7.760468537497468,7.760468537497468,4400
2022-11-10,7.7677202224731445,7.7677202224731445,7.7677202224731445,7.7677202224731445,500
2022-11-11,8.340690612792969,8.474867244380775,7.832996539915179,7.832996539915179,2900
2022-11-14,8.525635719299316,8.525635719299316,8.525635719299316,8.525635719299316,200
2022-11-15,8.565526962280273,8.565526962280273,8.558274021799928,8.558274021799928,300
2022-11-16,8.899155616760254,8.899155616760254,8.884649734168152,8.884649734168152,700
2022-11-17,8.304426193237305,8.703328906452043,8.15937084979879,8.703328906452043,1900
2022-11-18,8.667065620422363,8.667065620422363,8.667065620422363,8.667065620422363,600
2022-11-21,8.195635795593262,8.195635795593262,7.869261062622248,8.007063481724314,1100
2022-11-22,8.237700462341309,8.237700462341309,8.237700462341309,8.237700462341309,900
2022-11-23,8.237700462341309,8.237700462341309,8.237700462341309,8.237700462341309,100
2022-11-25,8.237700462341309,8.237700462341309,8.237700462341309,8.237700462341309,0
2022-11-28,8.23189926147461,8.304426590827028,8.23189926147461,8.304426590827028,300
2022-11-29,7.992556571960449,8.268161350868136,7.992556571960449,8.268161350868136,1700
2022-11-30,8.01431655883789,8.01431655883789,8.01431655883789,8.01431655883789,300
2022-12-01,7.978051662445068,8.036073801019484,7.615412950515747,7.999809791490861,4900
2022-12-02,7.956294059753418,7.9780521902386345,7.434094086358728,7.434094086358728,1600
2022-12-05,7.492115497589111,7.564643514366228,7.267279890601225,7.564643514366228,2900
2022-12-06,7.41233491897583,7.478334871942394,7.267279583235075,7.3398069052662525,8900
2022-12-07,7.397829055786133,7.41233493523122,7.2527737197272675,7.325301733595901,2800
2022-12-08,7.615413665771484,8.275416072803118,7.397830279842311,7.448600174622178,14600
2022-12-09,7.325301647186279,7.615412315881849,7.325301647186279,7.615412315881849,1200
2022-12-12,7.434093952178955,7.434093952178955,6.984422010755891,7.252774587491664,3700
2022-12-13,7.397829055786133,7.397829055786133,6.992398993786524,7.027937430077226,7900
2022-12-14,7.695193767547607,7.695193767547607,7.071455387500538,7.151235660816797,6200
2022-12-15,7.231016159057617,7.383324446778056,7.078707871337179,7.085960811628261,5200
2022-12-16,7.216508865356445,7.252772868032271,7.143981551683115,7.151233798875624,4300
2022-12-19,7.441346645355225,7.898271512176524,7.10046605740693,7.143983007823537,13200
2022-12-20,7.41233491897583,7.441345986123982,7.136729435229194,7.260026643528437,10300
2022-12-21,7.187499523162842,7.397829959048791,7.180246582554727,7.257851525368894,7300
2022-12-22,7.740886211395264,7.905523666959883,7.740886211395264,7.8837655378492135,800
2022-12-23,7.978051662445068,8.253657166512767,7.12947702119618,7.608160010274332,8900
2022-12-27,8.993440628051758,9.02897976191779,8.703329907796611,8.703329907796611,4200
2022-12-28,8.340690612792969,9.022451106369694,7.506621828185061,9.022451106369694,7700
2022-12-29,8.6308012008667,8.710582161400511,8.594537882455107,8.594537882455107,2500
2022-12-30,10.560039520263672,10.726852994553537,8.310228795993911,8.949923457132591,11300
2023-01-03,10.635470390319824,10.635470390319824,9.209864564413584,10.55249817736523,7100
2023-01-04,9.99432373046875,12.189303393159413,9.99432373046875,11.480272441245791,2700
2023-01-05,9.99432373046875,9.99432373046875,9.99432373046875,9.99432373046875,0
2023-01-06,10.52232551574707,10.635469234016997,9.511578706466413,10.635469234016997,3000
2023-01-09,10.52232551574707,10.52232551574707,10.52232551574707,10.52232551574707,800
2023-01-10,10.846670150756836,10.846670150756836,10.333753672734789,10.409182820448265,1100
2023-01-11,11.269070625305176,11.324888248502988,10.937183979675375,11.314328254836594,2900
2023-01-12,11.005069732666016,11.005069732666016,10.416724882560837,10.974898220336149,700
2023-01-13,11.088042259216309,11.110670715765004,10.333753660366959,11.110670715765004,1700
2023-01-17,10.886646270751953,11.427471162986565,10.001866274069414,11.427471162986565,5600
2023-01-18,11.103128433227539,11.103128433227539,10.409182861191713,10.692041087205915,4600
2023-01-19,10.937183380126953,10.937183380126953,10.424266963833862,10.575125241105178,4100
2023-01-20,10.907011985778809,10.929640439874504,10.597753808870504,10.597753808870504,1400
2023-01-23,10.778782844543457,10.983194962936874,10.748611332734168,10.748611332734168,3000
2023-01-24,11.244935035705566,11.244935035705566,10.786327692358727,11.232866572848167,1600
2023-01-25,11.397299766540527,11.397299766540527,11.27661371326516,11.27661371326516,500
2023-01-26,10.937183380126953,11.20043005249468,10.937183380126953,11.20043005249468,500
2023-01-27,10.729754447937012,10.729754447937012,10.484610104301344,10.582667697886494,1600
2023-01-30,10.603788375854492,10.71089750193644,10.513273834183245,10.513273834183245,1400
2023-01-31,12.58153247833252,12.766332356166362,10.914554855530298,10.914554855530298,6500
2023-02-01,12.747475624084473,12.74747562408447,12.583040416949821,12.732389508488742,5800
2023-02-02,12.672046661376953,12.709761950891826,12.266994666694666,12.35524542290797,2000
2023-02-03,12.747475624084473,12.74747562408447,12.74747562408447,12.74747562408447,1300
2023-02-06,12.746724128723145,12.74747800303627,12.709764145699902,12.74747800303627,2200
2023-02-07,12.672046661376953,12.672046661376953,12.672046661376953,12.672046661376953,500
2023-02-08,12.699955940246582,12.699955940246582,12.672046769636262,12.672046769636262,1300
2023-02-09,12.739933013916016,12.739933013916016,12.211931897734178,12.211931897734178,600
2023-02-10,12.747475624084473,12.74747562408447,12.21193146865658,12.21193146865658,400
2023-02-13,12.221736907958984,12.227016904876269,12.211932227034929,12.211932227034929,600
2023-02-14,12.747475624084473,12.74747562408447,12.219474526454446,12.219474526454446,1800
2023-02-15,12.34770393371582,12.747475935944689,12.34770393371582,12.747475935944689,400
2023-02-16,12.355246543884277,12.355246543884277,12.355246543884277,12.355246543884277,300
2023-02-17,12.211932182312012,12.25718909305281,12.211932182312012,12.25718909305281,1400
2023-02-21,12.257189750671387,12.747477052959978,12.257189750671387,12.747477052959978,1200
2023-02-22,12.257189750671387,12.257189750671387,12.257189750671387,12.257189750671387,600
2023-02-23,12.747475624084473,12.74747562408447,12.502332719764121,12.600389593754027,800
2023-02-24,12.445761680603027,12.445761680603027,12.257189533927223,12.257189533927223,500
2023-02-27,12.747475624084473,12.74747562408447,12.430674390029989,12.430674390029989,1100
2023-02-28,12.747475624084473,12.74747562408447,12.34317750921886,12.34317750921886,2000
2023-03-01,12.46386432647705,12.46386432647705,12.46386432647705,12.46386432647705,400
2023-03-02,12.181758880615234,12.25718801769311,12.068615894343985,12.25718801769311,2500
2023-03-03,11.880044937133789,12.181760076370361,11.517986770049902,12.181760076370361,2800
2023-03-06,12.030902862548828,12.030902862548828,11.887588347009542,11.887588347009542,1500
2023-03-07,12.445761680603027,12.736916833370328,12.445761680603027,12.445761680603027,800
2023-03-08,12.747475624084473,12.74747562408447,12.735407882560823,12.735407882560823,700
2023-03-09,12.739933013916016,12.747476071978912,10.409182023401474,11.472728752519265,2800
2023-03-10,12.822905540466309,13.539480249086516,12.729373344533943,12.729373344533943,1100
2023-03-13,11.578330039978027,11.578330039978027,11.548158525423542,11.548158525423542,900
2023-03-14,11.578330039978027,11.578330039978027,11.578330039978027,11.578330039978027,0
2023-03-15,10.258325576782227,11.729188250092186,9.662437592442473,11.729188250092186,12500
2023-03-16,10.258325576782227,10.258325576782227,10.258325576782227,10.258325576782227,0
2023-03-17,10.258325576782227,10.258325576782227,10.258325576782227,10.258325576782227,0
2023-03-20,12.626789093017578,12.626789093017578,10.25832370547914,10.560038812380357,3600
2023-03-21,13.041650772094727,13.041650772094727,12.626791172914759,12.626791172914759,500
2023-03-22,13.388623237609863,13.388623237609863,13.388623237609863,13.388623237609863,300
2023-03-23,11.72918701171875,13.011477393595246,11.721643953630242,13.011477393595246,2300
2023-03-24,12.076160430908203,12.076160430908203,11.691473079519756,11.691473079519756,1100
2023-03-27,12.543818473815918,12.543818473815918,12.543818473815918,12.543818473815918,200
2023-03-28,11.329414367675781,11.329414367675781,11.1257561138649,11.314328251388034,1900
2023-03-29,13.237762451171875,13.554563675169222,10.424266722987758,11.329413488320503,6300
2023-03-30,12.811593055725098,13.350909550312364,12.762563891119505,13.350909550312364,8400
2023-03-31,12.807819366455078,12.807819366455078,11.555700475573344,11.555700475573344,1600
2023-04-03,12.562264442443848,13.2053843863757,11.926940806410968,12.012689785336441,2200
2023-04-04,12.562264442443848,12.562264442443848,12.562264442443848,12.562264442443848,0
2023-04-05,13.213180541992188,13.213180541992188,12.121825999998432,13.189793847526808,3500
2023-04-06,12.706480026245117,12.706480026245117,12.706480026245117,12.706480026245117,500
2023-04-10,12.706480026245117,13.158612406045382,11.435832618361426,13.158612406045382,800
2023-04-11,12.90136432647705,12.90136432647705,12.628526982881542,12.628526982881542,1400
2023-04-12,12.90136432647705,12.90136432647705,12.90136432647705,12.90136432647705,100
2023-04-13,12.909158706665039,12.909158706665039,12.909158706665039,12.909158706665039,300
2023-04-14,13.384678840637207,13.384678840637207,12.371278434787648,13.22877051402497,3000
2023-04-17,12.47261905670166,12.47261905670166,12.47261905670166,12.47261905670166,200
2023-04-18,12.47261905670166,12.47261905670166,12.47261905670166,12.47261905670166,0
2023-04-19,12.924749374389648,13.220973375474498,12.880316294625057,13.220973375474498,1100
2023-04-20,13.22877025604248,13.22877025604248,12.099219224559798,12.628526630050679,4400
2023-04-21,13.383898735046387,13.383898735046387,12.511593957656673,12.862386923025394,3000
2023-04-24,13.057273864746094,13.057273864746094,12.472619811100746,12.807821706420421,3500
2023-04-25,13.065067291259766,13.150817014213002,13.065067291259766,13.150817014213002,500
2023-04-26,13.065067291259766,13.065067291259766,13.065067291259766,13.065067291259766,0
2023-04-27,13.057273864746094,13.057273864746094,13.057273864746094,13.057273864746094,500
2023-04-28,13.384678840637207,13.384678840637207,11.732056972011064,13.096248882460166,6700
2023-05-01,13.01829719543457,13.602951234387882,13.01829719543457,13.602951234387882,300
2023-05-02,12.885774612426758,12.963727289110675,12.885774612426758,12.963727289110675,300
2023-05-03,13.252157211303711,13.252157211303711,12.137416690338902,12.877979011593732,3400
2023-05-04,13.298928260803223,13.298928260803224,13.21318002482363,13.21318002482363,300
2023-05-05,13.298928260803223,13.298928260803224,13.298928260803224,13.298928260803224,0
2023-05-08,13.197589874267578,13.298929246793879,13.197589874267578,13.244361777983407,900
2023-05-09,13.197589874267578,13.197589874267578,13.197589874267578,13.197589874267578,0
2023-05-10,13.30672550201416,13.719881552345502,12.641778484790168,12.641778484790168,1700
2023-05-11,12.940340995788574,12.940340995788574,12.940340995788574,12.940340995788574,400
2023-05-12,13.259952545166016,13.719880465194645,12.184189124614132,12.184189124614132,1600
2023-05-15,13.24046516418457,13.24046516418457,12.729866785473806,13.018296755832663,3200
2023-05-16,13.24046516418457,13.24046516418457,13.24046516418457,13.24046516418457,0
2023-05-17,13.236566543579102,13.236566543579102,13.236566543579102,13.236566543579102,400
2023-05-18,13.236566543579102,13.236566543579102,13.236566543579102,13.236566543579102,0
2023-05-19,13.236566543579102,13.236566543579102,13.236566543579102,13.236566543579102,100
2023-05-22,12.47261905670166,13.2599533130782,12.47261905670166,13.2599533130782,3600
2023-05-23,12.492106437683105,12.492106437683105,11.965918449200108,12.37907372120173,3600
2023-05-24,12.266819953918457,12.266819953918457,12.266819953918457,12.266819953918457,100
2023-05-25,11.919147491455078,12.059464704748063,11.919147491455078,12.059464704748063,500
2023-05-26,12.394662857055664,12.70647798495388,11.732055524415477,11.848986011520832,9400
2023-05-30,12.49990177154541,12.49990177154541,11.771033571237107,12.433640958478659,2700
2023-05-31,12.219269752502441,12.219269752502441,12.219269752502441,12.219269752502441,600
2023-06-01,12.43364143371582,12.43364143371582,12.43364143371582,12.43364143371582,400
2023-06-02,12.43364143371582,12.43364143371582,12.43364143371582,12.43364143371582,1100
2023-06-05,11.985406875610352,12.706479540052616,11.985406875610352,12.706479540052616,2600
2023-06-06,12.090643882751465,12.110132050410632,12.090643882751465,12.110132050410632,400
2023-06-07,12.47261905670166,12.47261905670166,12.090645276512419,12.184189830226558,4200
2023-06-08,12.297223091125488,12.628527941405432,12.08363009303041,12.628527941405432,1300
2023-06-09,12.234859466552734,12.542777605063833,12.234859466552734,12.542777605063833,700
2023-06-12,12.234859466552734,12.234859466552734,12.234859466552734,12.234859466552734,0
2023-06-13,12.47261905670166,12.47261905670166,12.433641973464262,12.433641973464262,3200
2023-06-14,12.43364143371582,12.43364143371582,12.425845868721543,12.425845868721543,2100
2023-06-15,12.43364143371582,12.43364143371582,12.43364143371582,12.43364143371582,0
2023-06-16,12.27773380279541,12.27773380279541,12.27773380279541,12.27773380279541,200
2023-06-20,12.43364143371582,12.628526841442772,11.926941603903732,12.43364143371582,4700
2023-06-21,12.524067878723145,12.524067878723145,12.433641258968013,12.433641258968013,1300
2023-06-22,12.43364143371582,12.628526841442772,12.410255482158984,12.410255482158984,5000
2023-06-23,12.43364143371582,12.706479517681561,12.418051047153261,12.43364143371582,6500
2023-06-26,12.651912689208984,12.70648016007567,12.43364206231621,12.70648016007567,2400
2023-06-27,12.336199760437012,12.628527515927555,12.277734506709317,12.433642097791846,5700
2023-06-28,12.47261905670166,12.667503729462624,12.425846408131576,12.667503729462624,3100
2023-06-29,12.47261905670166,12.750914642985094,12.47261905670166,12.47261905670166,4800
2023-06-30,12.803821563720703,13.328899098853004,12.278743258198784,12.383758919303167,20300
2023-07-03,12.803821563720703,12.803821563720703,12.270664952639303,12.270664952639303,2400
2023-07-05,12.832901954650879,12.832901954650879,12.741619260886202,12.803821287886631,5500
2023-07-06,12.754545211791992,12.754545211791992,12.56147862655124,12.682650136457816,2300
2023-07-07,12.80301570892334,12.803823847779299,12.788475372634139,12.788475372634139,2600
2023-07-10,13.038086891174316,13.038086891174316,12.803822181758441,12.803822181758441,1600
2023-07-11,13.038086891174316,13.038086891174316,13.038086891174316,13.038086891174316,100
2023-07-12,13.046164512634277,13.40968055738904,13.046164512634277,13.25619583396156,3300
2023-07-13,12.924993515014648,13.08655655026405,12.916915209174249,13.08655655026405,3600
2023-07-14,13.409680366516113,13.425836977337294,12.682649057744744,12.997696035251298,5500
2023-07-17,13.652023315429688,13.793391348425464,13.579320107781392,13.66010162081052,3400
2023-07-18,13.506617546081543,13.555087380684595,13.425837569968353,13.433914334956247,2900
2023-07-19,13.490462303161621,13.53085229070276,13.474305691833461,13.490462303161621,3000
2023-07-20,13.409680366516113,13.490461879842801,13.336977158600016,13.458148658200441,2300
2023-07-21,13.328900337219238,13.328900337219238,13.328900337219238,13.328900337219238,1100
2023-07-24,13.324860572814941,13.490461983050931,13.236000753397846,13.490461983050931,2500
2023-07-25,13.24811840057373,13.24811840057373,13.167336880779269,13.167336880779269,800
2023-07-26,13.24811840057373,13.24811840057373,13.24811840057373,13.24811840057373,0
2023-07-27,13.328900337219238,13.490463381860922,13.167337292577553,13.490463381860922,3200
2023-07-28,13.328900337219238,13.513889391614418,13.328900337219238,13.413720242305399,2300
2023-07-31,13.328900337219238,13.328900337219238,13.328900337219238,13.328900337219238,200
2023-08-01,13.1754150390625,13.345056382806124,13.167336733095725,13.345056382806124,3300
2023-08-02,13.126947402954102,13.53893178326342,13.126947402954102,13.272353836096144,900
2023-08-03,13.53892993927002,13.53892993927002,13.53892993927002,13.53892993927002,700
2023-08-04,13.474306106567383,13.48238441248011,13.248118163348945,13.248118163348945,2500
2023-08-07,13.119675636291504,13.482384327832996,13.118868267939092,13.183493174055865,3700
2023-08-08,13.167336463928223,13.300626198486304,13.167336463928223,13.300626198486304,1000
2023-08-09,13.345056533813477,13.37009882036005,13.126946892580484,13.167336882092075,7600
2023-08-10,13.345056533813477,13.345056533813477,13.345056533813477,13.345056533813477,100
2023-08-11,13.425837516784668,13.425837516784668,13.369289376638447,13.369289376638447,400
2023-08-14,13.429877281188965,13.429877281188965,13.369290752330475,13.369290752330475,700
2023-08-15,13.369290351867676,13.369290351867676,13.369290351867676,13.369290351867676,300
2023-08-16,13.268312454223633,13.328898974966993,13.207727474259501,13.328898974966993,3800
2023-08-17,13.207727432250977,13.207727432250977,13.207727432250977,13.207727432250977,200
2023-08-18,13.207727432250977,13.207727432250977,13.207727432250977,13.207727432250977,200
2023-08-21,13.207727432250977,13.207727432250977,13.207727432250977,13.207727432250977,600
2023-08-22,13.118867874145508,13.248117682499316,13.118867874145508,13.248117682499316,1200
2023-08-23,12.997696876525879,13.118868383969117,12.997696876525879,13.118868383969117,600
2023-08-24,13.126947402954102,13.328900439922627,13.126947402954102,13.328900439922627,500
2023-08-25,13.328900337219238,13.328900337219238,13.126947301806824,13.126947301806824,300
2023-08-28,13.328900337219238,13.328900337219238,13.328900337219238,13.328900337219238,0
2023-08-29,13.046164512634277,13.230346180747254,13.046164512634277,13.094632805008501,1000
2023-08-30,13.10271167755127,13.248118101745607,12.52916582742838,12.924993570635579,7100
2023-08-31,12.84421157836914,12.92499309335848,12.819977432028189,12.92499309335848,2200
2023-09-01,12.747274398803711,13.248117795647065,12.747274398803711,13.046164775772022,3600
2023-09-05,12.924993515014648,13.0259700268507,12.771509555995294,12.771509555995294,700
2023-09-06,12.545321464538574,12.545321464538574,12.545321464538574,12.545321464538574,1600
2023-09-07,12.9144926071167,13.007390044689222,12.9144926071167,13.007390044689222,600
2023-09-08,12.779587745666504,12.779587745666504,12.779587745666504,12.779587745666504,200
2023-09-11,12.197962760925293,12.80382182314894,12.133337855919276,12.513008980232224,5600
2023-09-12,12.84421157836914,12.868446495099716,12.197962540012915,12.197962540012915,1500
2023-09-13,12.76343059539795,12.76343059539795,12.76343059539795,12.76343059539795,600
2023-09-14,13.044550895690918,13.044550895690918,12.206041045434517,12.33529163376926,3500
2023-09-15,13.044550895690918,13.044550895690918,13.044550895690918,13.044550895690918,0
2023-09-18,13.044550895690918,13.044550895690918,13.044550895690918,13.044550895690918,0
2023-09-19,12.924993515014648,12.924993515014648,12.861984116160897,12.916915209174249,1300
2023-09-20,12.884602546691895,12.908836693429386,12.884602546691895,12.892680852400938,1000
2023-09-21,12.884602546691895,12.884602546691895,12.884602546691895,12.884602546691895,0
2023-09-22,12.2787446975708,12.2787446975708,12.2787446975708,12.2787446975708,1000
2023-09-25,12.440306663513184,12.440306663513184,12.359525911645251,12.359525911645251,1100
2023-09-26,12.480697631835938,12.480697631835938,12.464541789350022,12.464541789350022,300
2023-09-27,12.900760650634766,12.924994800175973,12.763432519251719,12.844213274518983,8200
2023-09-28,12.900760650634766,12.924994800175973,12.698807606882017,12.904799803956587,1900
2023-09-29,12.900760650634766,12.900760650634766,12.900760650634766,12.900760650634766,300
2023-10-02,12.924993515014648,13.005775032639349,12.786858028936194,12.924993515014648,3900
2023-10-03,13.217792510986328,13.301448945914233,13.217792510986328,13.217792510986328,1300
2023-10-04,12.653109550476074,13.217793937911477,12.653109550476074,12.849703031485097,4600
2023-10-05,12.715851783752441,13.050479945160006,12.715851783752441,12.715851783752441,800
2023-10-06,13.008650779724121,13.050479397872756,13.008650779724121,13.050479397872756,900
2023-10-09,13.201061248779297,13.201061248779297,13.196878307201196,13.196878307201196,1100
2023-10-10,13.17596435546875,13.17596435546875,12.799508390589692,12.841337008423926,1800
2023-10-11,13.083941459655762,13.083941459655762,13.075575576893556,13.075575576893556,1100
2023-10-12,12.799507141113281,13.385105340183415,12.799507141113281,12.799507141113281,1800
2023-10-13,12.80787467956543,12.883165236675367,12.80787467956543,12.883165236675367,1100
2023-10-16,12.945908546447754,12.975188340474729,12.799508778498327,12.975188340474729,1500
2023-10-17,12.910772323608398,12.910772323608398,12.799509103480894,12.807874987076598,2200
2023-10-18,12.975188255310059,12.975188255310059,12.883165134326944,12.899896900983709,1400
2023-10-19,12.866435050964355,13.100674215577794,12.807875459264647,13.100674215577794,2700
2023-10-20,13.092308044433594,13.167599402289701,13.075577074807006,13.167599402289701,900
2023-10-23,13.050479888916016,13.217793569991438,12.971005591224728,12.971005591224728,2300
2023-10-24,13.184329986572266,13.184329986572266,13.033747284373309,13.033747284373309,500
2023-10-25,13.385107040405273,13.385107040405273,12.799508766950453,13.192696509650432,5900
2023-10-26,13.184329986572266,13.385106390961202,12.95845593327383,13.385106390961202,2200
2023-10-27,13.360011100769043,13.385107954796197,13.050480575052134,13.050480575052134,1500
2023-10-30,13.113222122192383,13.301449709952884,12.841337296884186,12.841337296884186,3300
2023-10-31,13.217792510986328,13.217792510986328,13.092306661872723,13.113221368965574,1000
2023-11-01,12.975188255310059,13.259621905958694,12.966822371981676,13.259621905958694,2800
2023-11-02,12.88316535949707,12.88316535949707,12.88316535949707,12.88316535949707,400
2023-11-03,13.17596435546875,13.25962159113722,12.874799743128408,12.883164828443634,1300
2023-11-06,13.259621620178223,13.259621620178223,13.259621620178223,13.259621620178223,400
2023-11-07,12.899896621704102,12.96682209125315,12.899896621704102,12.96682209125315,900
2023-11-08,12.933359146118164,12.933359146118164,12.933359146118164,12.933359146118164,500
2023-11-09,12.933359146118164,12.933359146118164,12.933359146118164,12.933359146118164,300
2023-11-10,12.941725730895996,12.941725730895996,12.941725730895996,12.941725730895996,1200
2023-11-13,12.799507141113281,12.883163570800757,12.799507141113281,12.874798486302124,1600
2023-11-14,13.17596435546875,13.17596435546875,12.883164828443634,12.924993446277869,900
2023-11-15,13.050479888916016,13.067210858116276,13.050479888916016,13.067210858116276,400
2023-11-16,13.050479888916016,13.050479888916016,13.050479888916016,13.050479888916016,0
2023-11-17,13.050479888916016,13.050479888916016,13.050479888916016,13.050479888916016,0
2023-11-20,12.916626930236816,13.30144875938946,12.916626930236816,12.966821428741287,2700
2023-11-21,13.301448822021484,13.301448822021484,12.916626991056845,12.966821489797663,1700
2023-11-22,13.267987251281738,13.276353134773938,13.267987251281738,13.276353134773938,300
2023-11-24,12.966822624206543,13.017017127338653,12.966822624206543,13.017017127338653,200
2023-11-27,12.213910102844238,13.26129457398845,12.213910102844238,12.950090264443636,8000
2023-11-28,11.293683052062988,12.19717763240287,11.293683052062988,12.19717763240287,3900
2023-11-29,11.460997581481934,11.619946172111982,11.460997581481934,11.527923051911047,4000
2023-11-30,11.444266319274902,11.460997287545819,11.444266319274902,11.444266319274902,1100
2023-12-01,11.419168472290039,11.527922556517455,11.419168472290039,11.523739615068573,1600
2023-12-04,11.440083503723145,11.486094265335687,11.37734097584093,11.481912121582797,8300
2023-12-05,10.88376522064209,11.48191231184769,10.88376522064209,11.357263363642492,7900
2023-12-06,10.87540054321289,11.30205106369137,10.87540054321289,11.051080122361991,3800
2023-12-07,11.628312110900879,11.695237586241333,11.502827044091179,11.553021549503818,5600
2023-12-08,12.029865264892578,12.029865264892578,11.653409282166223,11.661774367878026,3900
2023-12-11,12.24486255645752,12.255737565929895,11.469362926391323,11.519557425764402,3000
2023-12-12,11.084542274475098,11.870916998003215,11.084542274475098,11.870916998003215,1300
2023-12-13,11.335511207580566,11.536287595553382,11.230940072451252,11.536287595553382,1200
2023-12-14,11.527922630310059,11.536288513261374,10.74991386557144,11.527922630310059,7700
2023-12-15,11.253528594970703,11.52959636708179,10.917228217041995,11.377341436498662,5600
2023-12-18,11.762162208557129,12.0047672220699,11.494459546953236,11.52792227992691,6600
2023-12-19,12.285019874572754,12.523441984866391,12.004769141919004,12.004769141919004,4800
2023-12-20,12.255738258361816,12.280835908373588,12.112685323241628,12.280835908373588,1300
2023-12-21,12.088423728942871,12.088423728942871,11.929475945807123,11.929475945807123,800
2023-12-22,12.280835151672363,12.515074285980766,11.929476051302508,11.929476051302508,4600
2023-12-26,13.008650779724121,13.141664812103047,12.481612105806212,12.498343074376946,21200
2023-12-27,13.11740493774414,13.368375052345383,12.958456347494515,13.024545708128448,6100
2023-12-28,13.385107040405273,13.385107040405273,13.010324081569024,13.385107040405273,14700
2023-12-29,13.376740455627441,13.385106338564526,13.13413543515354,13.13413543515354,8200
2024-01-02,13.736466407775879,14.547937962072425,13.63607740111477,13.63607740111477,142200
2024-01-03,14.230147361755371,14.290774626157353,13.554582875628162,14.22148608798808,8100
2024-01-04,13.086885452270508,14.134875674393028,12.757764467324598,14.134875674393028,5300
2024-01-05,12.567220687866211,13.199478799831258,12.255421442746332,13.086884719758473,4300
2024-01-08,13.225462913513184,13.251445909186511,12.86169767014843,12.870358118049847,1600
2024-01-09,12.795872688293457,12.795872688293457,12.679814432209673,12.679814432209673,900
2024-01-10,12.342032432556152,12.584542312235978,12.125505547774466,12.584542312235978,6000
2024-01-11,11.995590209960938,12.233769462013397,11.986928935999327,12.233769462013397,29600
2024-01-12,11.605842590332031,11.952286158183297,11.605842590332031,11.952286158183297,4500
2024-01-16,11.692451477050781,11.908978356255425,11.605840394975125,11.744418291493073,3400
2024-01-17,11.519229888916016,11.69245122332392,11.432618808719825,11.69245122332392,9600
2024-01-18,11.042871475219727,11.683790876329523,11.042871475219727,11.475925258561677,4400
2024-01-19,11.24207592010498,11.453406544923805,11.112160114328796,11.453406544923805,2600
2024-01-22,11.47592544555664,11.47592544555664,11.272390461423848,11.432619901319892,2000
2024-01-23,11.605842590332031,11.605842590332031,11.475926768628213,11.475926768628213,2600
2024-01-24,11.467264175415039,11.784259702075682,11.467264175415039,11.70804197723245,1300
2024-01-25,11.84835147857666,11.857011926277446,11.302703626170153,11.857011926277446,1100
2024-01-26,11.692451477050781,11.848351094393163,11.588518674150691,11.588518674150691,2800
2024-01-29,11.649147033691406,11.649147033691406,11.588519766116345,11.588519766116345,1500
2024-01-30,11.562536239624023,11.692452043041785,11.389314067087629,11.397975340911355,3000
2024-01-31,11.2593994140625,11.536553596862806,11.2593994140625,11.536553596862806,6100
2024-02-01,11.375457763671875,11.692453316683121,11.346010585841915,11.692453316683121,2900
2024-02-02,11.198771476745605,11.467264368861956,11.08617739018616,11.182315386172126,9200
2024-02-05,11.2593994140625,11.302704961621203,11.190110868362423,11.190110868362423,3000
2024-02-06,11.371993064880371,11.371993064880371,11.268060250373885,11.363331790508683,1000
2024-02-07,11.269791603088379,11.432619585902307,11.269791603088379,11.371992321234256,1400
2024-02-08,11.692451477050781,11.774731922424204,11.367661158243815,11.475924597846136,6100
2024-02-09,11.865673065185547,12.090861222538576,11.85701179159862,11.85701179159862,3400
2024-02-12,11.926301002502441,12.369747301513023,11.744418389414676,11.865672914150187,800
2024-02-13,12.29353141784668,12.29353141784668,11.302704282672602,12.125506332924111,1500
2024-02-14,12.229438781738281,12.229438781738281,12.229438781738281,12.229438781738281,400
2024-02-15,12.229438781738281,12.229438781738281,12.229438781738281,12.229438781738281,0
2024-02-16,12.229438781738281,12.229438781738281,12.229438781738281,12.229438781738281,0
2024-02-20,12.229438781738281,12.229438781738281,12.229438781738281,12.229438781738281,0
2024-02-21,12.63650894165039,12.966495532542018,12.342032250532789,12.558559132121085,1900
2024-02-22,12.930986404418945,12.974291122533192,12.342032987038206,12.342032987038206,5400
2024-02-23,12.66855525970459,12.98295223390708,12.125505940627564,12.528246091527363,3300
2024-02-26,12.619187355041504,12.619187355041504,12.619187355041504,12.619187355041504,300
2024-02-27,12.55855941772461,12.94917410601368,12.55855941772461,12.94917410601368,3900
2024-02-28,12.55855941772461,12.55855941772461,12.55855941772461,12.55855941772461,800
2024-02-29,12.52391529083252,12.905002251979477,12.52391529083252,12.792408996583546,13800
2024-03-01,12.125505447387695,12.558559213365829,12.125505447387695,12.523914945126958,7300
2024-03-04,12.125505447387695,12.125505447387695,12.125505447387695,12.125505447387695,600
2024-03-05,12.549898147583008,12.549898147583008,11.952284304072423,12.212116733157925,3200
2024-03-06,12.982952117919922,12.982952117919922,12.558559612025686,12.558559612025686,3900
2024-03-07,12.731781005859375,12.99161343985335,12.731781005859375,12.978621529059062,9500
2024-03-08,12.549898147583008,12.901537930320682,12.536907063018672,12.861697392879421,21000
2024-03-11,12.125505447387695,12.723119281004335,12.125505447387695,12.723119281004335,11000
2024-03-12,12.11684513092041,12.168811950375739,11.995590595498934,12.125506405160394,4600
2024-03-13,12.18613338470459,12.554229271353766,12.177472936653974,12.554229271353766,2900
2024-03-14,12.125505447387695,12.212116530977125,12.125505447387695,12.125505447387695,4000
2024-03-15,12.125505447387695,12.142827994499385,11.952284106193344,12.125505447387695,5500
2024-03-18,12.125505447387695,12.125505447387695,12.125505447387695,12.125505447387695,1300
2024-03-19,12.125505447387695,12.255421246787332,11.991259011210138,12.255421246787332,1900
2024-03-20,12.125505447387695,12.125505447387695,12.125505447387695,12.125505447387695,600
2024-03-21,12.125505447387695,12.342032330376762,12.03023391622693,12.255421246787332,7500
2024-03-22,12.108182907104492,12.288333432442018,12.082199912406812,12.13416672778668,4300
2024-03-25,12.108182907104492,12.255421253698854,12.108182907104492,12.255421253698854,10200
2024-03-26,12.125505447387695,12.683278744222662,12.09952245270467,12.20345525742128,4800
2024-03-27,12.25542163848877,12.489271076063698,12.108183287271487,12.142828382602175,12800
2024-03-28,12.526515007019043,12.705799096183503,11.692453095188405,12.29872827566792,21300
2024-04-01,12.125505447387695,12.506592398015268,11.90897856439863,12.471948129776399,16200
2024-04-02,12.194794654846191,12.419982823781382,12.038895026201127,12.168811658733532,35600
2024-04-03,11.996505737304688,12.20380782152919,11.852294582707149,11.996505737304688,29500
2024-04-04,11.789203643798828,12.203808701711806,11.67203255574068,11.67203255574068,9800
2024-04-05,11.852294921875,12.185782313141223,11.62696611454231,11.80722984805741,2200
2024-04-08,11.690058708190918,11.924400013409661,11.672031991102687,11.915387514426728,5000
2024-04-09,11.834269523620605,11.93341389325336,11.518808837285405,11.613447387010453,5700
2024-04-10,11.780189514160156,11.780189514160156,11.717097724549081,11.717097724549081,800
2024-04-11,11.590913772583008,11.843282660749113,11.545848697860178,11.843282660749113,1800
2024-04-12,11.753150939941406,11.753150939941406,11.518808766367252,11.685552467446112,3700
2024-04-15,11.32051944732666,11.762163695161652,11.23038758225124,11.753150336741875,21000
2024-04-16,10.770716667175293,11.48275565395428,10.563414579932845,11.48275565395428,20100
2024-04-17,10.81578254699707,10.896901053629335,10.608480460768988,10.896901053629335,3000
2024-04-18,10.680585861206055,10.770716868822772,10.365125185644569,10.71663843616498,8600
2024-04-19,10.671571731567383,10.671571731567383,10.365124436776387,10.365124436776387,2400
2024-04-22,10.716638565063477,10.716638565063477,10.51834897062379,10.716638565063477,3000
2024-04-23,10.81578254699707,10.81578254699707,10.806769188579892,10.806769188579892,1100
2024-04-24,10.824795722961426,10.824795722961426,10.815782364696169,10.815782364696169,1300
2024-04-25,10.644533157348633,10.824796029960389,10.644533157348633,10.824796029960389,400
2024-04-26,10.833808898925781,10.833808898925781,10.473282310432477,10.48860484731335,3100
2024-04-29,11.260130882263184,11.717097663639153,10.599467015863636,10.833809175431098,18900
2024-04-30,11.22137451171875,11.293479661804495,11.17630857802486,11.248413728110606,5200
2024-05-01,10.987031936645508,10.987031936645508,10.987031936645508,10.987031936645508,800
2024-05-02,10.950979232788086,11.14476213648838,10.950979232788086,11.14476213648838,11800
2024-05-03,11.266440391540527,11.266440391540527,10.99874982972593,10.99874982972593,6200
2024-05-06,11.113216400146484,11.113216400146484,10.987933641761911,11.108709720977687,1000
2024-05-07,11.266440391540527,11.266440391540527,11.059138300925552,11.059138300925552,1500
2024-05-08,11.266440391540527,11.266440391540527,11.266440391540527,11.266440391540527,1000
2024-05-09,11.04111099243164,11.266439788195552,11.04111099243164,11.266439788195552,4800
2024-05-10,11.113216400146484,11.131243116821667,11.005058678778871,11.131243116821667,1200
2024-05-13,11.176308631896973,11.266440499719204,11.086177623635937,11.131243557547052,7900
2024-05-14,11.218669891357422,11.266440002681659,11.1988415345778,11.266440002681659,5200
2024-05-15,11.234893798828125,11.266439692437167,11.131242759952375,11.257426334388546,8300
2024-05-16,11.426875114440918,11.509796124094105,11.131243651348631,11.266440594660072,25000
2024-05-17,11.663019180297852,11.852295420807504,11.39262528776511,11.39262528776511,23100
2024-05-20,11.717098236083984,11.8162426040242,11.626966367366549,11.635979726150534,8800
2024-05-21,11.852294921875,11.852294921875,11.469236637058376,11.708084622711867,15400
2024-05-22,11.717098236083984,11.798216746017436,11.717098236083984,11.798216746017436,8500
2024-05-23,11.843281745910645,11.852294244422316,11.672031380771855,11.852294244422316,3100
2024-05-24,11.951440811157227,12.077624400154232,11.843283080776406,11.843283080776406,5200
2024-05-28,11.9334135055542,12.01453201423704,11.852294996871358,12.01453201423704,12100
2024-05-29,11.762163162231445,11.892853415152093,11.73241976844276,11.80722909272727,9700
2024-05-30,12.100156784057617,12.167755252436699,11.7170976504946,11.879334662253326,19400
2024-05-31,12.25788688659668,12.302951958296191,12.127195771896892,12.167755024075367,25400
2024-06-03,12.600385665893555,12.61841238188559,12.041570363557385,12.167754796818247,12800
2024-06-04,12.798675537109375,12.82120893261547,12.46969569877075,12.591373455820207,14000
2024-06-05,13.069069862365723,13.384530513212791,12.333596703174532,13.339464583154479,16400
2024-06-06,13.01589298248291,13.168214957852927,12.850050969470365,13.159202458985744,5400
2024-06-07,13.339465141296387,13.339465141296387,13.024004477250001,13.32143842469435,1000
2024-06-10,13.384530067443848,13.384530067443848,12.84013564465217,12.84013564465217,1000
2024-06-11,13.276371955871582,13.33946460186617,13.276371955871582,13.294398671744643,1000
2024-06-12,13.384530067443848,13.384530067443848,13.115937855273051,13.115937855273051,5300
2024-06-13,13.375517845153809,13.384531203542576,13.087097253202622,13.384531203542576,6600
2024-06-14,13.357490539550781,13.357490539550781,13.159201821105896,13.159201821105896,600
2024-06-17,13.357490539550781,13.357490539550781,13.159201821105896,13.159201821105896,1000
2024-06-18,12.996965408325195,13.38453122402353,12.996965408325195,13.38453122402353,2100
2024-06-20,13.384530067443848,13.384530067443848,12.987950927612024,13.005977642859422,6400
2024-06-21,13.366504669189453,13.384531386213013,13.366504669189453,13.375518027701233,4400
2024-06-24,13.724327087402344,13.724327087402344,13.38453137963802,13.38453137963802,11700
2024-06-25,13.826175689697266,13.871241622861676,13.429596509323858,13.681965391220093,6200
2024-06-26,13.98029899597168,13.98029899597168,13.627884958159953,13.754069388539982,4900
2024-06-27,14.366963386535645,14.646371466566265,13.98841180711909,13.997424305524367,24100
2024-06-28,14.366963386535645,14.421042674772938,14.229963955603042,14.421042674772938,8000
2024-07-01,14.421043395996094,14.421043395996094,14.284944778316913,14.421043395996094,10700
2024-07-02,14.40481948852539,14.421042845407976,14.15064812014435,14.421042845407976,3000
2024-07-03,14.421043395996094,14.421043395996094,14.248892204209369,14.403016679161738,8300
2024-07-05,14.308961868286133,14.944085799814046,14.09414106246753,14.944085799814046,12200
2024-07-08,14.14084243774414,14.44906415635546,14.094141988404278,14.383683170984858,5600
2024-07-09,14.299623489379883,14.710585485625462,14.13150222736547,14.13150222736547,6900
2024-07-10,14.243581771850586,14.308961862160968,14.187541058201024,14.308961862160968,9100
2024-07-11,14.308961868286133,14.64520436885358,14.252922045349509,14.252922045349509,5700
2024-07-12,14.944087028503418,14.990786587877892,14.36500376303735,14.523784758974159,18800
2024-07-15,14.850685119628906,14.944086013508107,14.486423593121286,14.9347457459728,4400
2024-07-16,14.710585594177246,14.841346675679695,14.570485135289402,14.570485135289402,4400
2024-07-17,14.710585594177246,14.897386502940034,14.570485135289402,14.897386502940034,3000
2024-07-18,14.725529670715332,14.942219262000307,14.725529670715332,14.89738668704838,2500
2024-07-19,14.990785598754883,15.018806401415095,14.944086042461741,14.944086042461741,3500
2024-07-22,15.177587509155273,15.224287065824655,15.028146790044579,15.037487057673234,4900
2024-07-23,14.813325881958008,15.130888763188453,14.813325881958008,15.03748786337144,7100
2024-07-24,14.486424446105957,15.018807256648946,14.486424446105957,15.018807256648946,2000
2024-07-25,14.990785598754883,15.065505957708236,14.693772929041701,14.944086042461741,4400
2024-07-26,14.803986549377441,15.084187468202657,14.514444471657855,14.94408700879005,7700
2024-07-29,14.49576473236084,15.08418737067907,14.49576473236084,14.850686012676377,3100
2024-07-30,14.49576473236084,14.49576473236084,14.49576473236084,14.49576473236084,0
2024-07-31,14.719925880432129,14.822666157693972,14.550871124598832,14.550871124598832,1300
2024-08-01,14.89738655090332,14.925406464623702,14.710585641539112,14.878706905335399,2300
2024-08-02,14.290283203125,14.94408682350599,14.143643845230738,14.94408682350599,11500
2024-08-05,14.01008129119873,14.150181747815925,13.543078581492106,13.954040574109664,8800
2024-08-06,13.571099281311035,13.823281186723976,13.25914179518753,13.776580734898946,15900
2024-08-07,13.869980812072754,13.869980812072754,13.589779008556107,13.589779008556107,2300
2024-08-08,14.374342918395996,14.43038274160176,14.01008050461082,14.43038274160176,2200
2024-08-09,14.36500358581543,14.374343853869892,14.36500358581543,14.374343853869892,400
2024-08-12,14.477084159851074,14.477084159851074,14.010081445017168,14.421043442146729,3000
2024-08-13,14.458403587341309,14.47708412344144,14.458403587341309,14.47708412344144,1700
2024-08-14,14.178202629089355,14.477084079896546,14.010081367641819,14.360333401832865,13600
2024-08-15,14.290283203125,14.336983652595853,14.140842477407858,14.15018185471244,26800
2024-08-16,14.103482246398926,14.241714828127638,14.103482246398926,14.241714828127638,4500
2024-08-19,14.196882247924805,14.243582697210597,14.112821617357776,14.112821617357776,1300
2024-08-20,14.243581771850586,14.243581771850586,14.168861414142455,14.196881325598772,4200
2024-08-21,14.336983680725098,14.336983680725098,14.234242513540243,14.243582781600137,2800
2024-08-22,14.336983680725098,14.336983680725098,14.336983680725098,14.336983680725098,1600
2024-08-23,14.271602630615234,14.280942898632963,14.196882267947379,14.206222535965107,4300
2024-08-26,14.27627182006836,14.336982667429817,14.215561863443826,14.215561863443826,1300
2024-08-27,14.336983680725098,14.336983680725098,14.336983680725098,14.336983680725098,1300
2024-08-28,14.242648124694824,14.242648124694824,14.215562594873617,14.215562594873617,1500
2024-08-29,14.336983680725098,14.336983680725098,14.336983680725098,14.336983680725098,1100
2024-08-30,14.336983680725098,14.336983680725098,14.327643412665203,14.336983680725098,3400
2024-09-03,14.066122055053711,14.336983591954613,14.066122055053711,14.336983591954613,4000
2024-09-04,14.201552391052246,14.201552391052246,14.16886234375228,14.16886234375228,500
2024-09-05,14.15952205657959,14.25292295508479,14.15952205657959,14.25292295508479,800
2024-09-06,14.220232963562012,14.243582742911336,14.220232963562012,14.243582742911336,2200
2024-09-09,14.224902153015137,14.224902153015137,14.09414196397455,14.09414196397455,800
2024-09-10,14.084800720214844,14.178201612262091,14.066121076247548,14.178201612262091,2100
2024-09-11,14.112821578979492,14.16979578847317,14.103482201737318,14.103482201737318,2000
2024-09-12,14.094141960144043,14.243582685142375,14.075461424150761,14.112821605400343,2100
2024-09-13,14.094141960144043,14.243582685142375,14.066122046891103,14.215562771889433,3900
2024-09-16,14.23424243927002,14.243582707281178,14.094141982050571,14.094141982050571,3100
2024-09-17,14.156719207763672,14.299622808109827,14.156719207763672,14.299622808109827,1300
2024-09-18,14.164192199707031,14.215562782991697,14.094141971151478,14.170730209162391,1800
2024-09-19,14.336983680725098,14.336983680725098,14.243582781600137,14.243582781600137,9200
2024-09-20,14.327643394470215,14.336983662518247,14.09414203769133,14.11282168305041,8700
2024-09-23,14.327643394470215,14.336983662518247,14.30896285837415,14.336983662518247,4000
2024-09-24,14.327643394470215,14.336983662518247,14.280942944967041,14.336983662518247,8500
2024-09-25,14.280942916870117,14.336983634311066,14.19968454463348,14.23330897509805,10100
2024-09-26,14.299623489379883,14.336983670856753,14.280942953272953,14.318303134749824,4400
2024-09-27,14.304292678833008,14.336983616897095,14.262263254224576,14.290283167542524,3700
2024-09-30,14.327643394470215,14.374343843973389,14.327643394470215,14.336983662518247,6400
2024-10-01,14.336983680725098,14.336983680725098,14.27160269504283,14.336983680725098,6000
2024-10-02,14.336983680725098,14.336983680725098,14.31830314460531,14.336983680725098,2500
2024-10-03,14.336983680725098,14.336983680725098,14.327643412665203,14.336983680725098,15600
2024-10-04,14.617910385131836,14.617910385131836,13.719911481278404,14.29823448963437,11800
2024-10-07,14.530726432800293,14.676033327592814,14.424168104875026,14.676033327592814,8500
2024-10-08,14.482290267944336,14.482290267944336,14.28854743662228,14.482290267944336,3500
2024-10-09,14.506508827209473,14.506508827209473,14.506508827209473,14.506508827209473,500
2024-10-10,14.521039009094238,14.67603327601857,14.33698354808127,14.67603327601857,8400
2024-10-11,14.433854103088379,14.501664785868053,14.307921957580435,14.501664785868053,1100
2024-10-14,14.521039009094238,14.521039009094238,14.35635736952746,14.491977815005601,700
2024-10-15,14.530726432800293,14.530726432800293,14.472603120580061,14.530726432800293,4000
2024-10-16,14.530726432800293,14.530726432800293,14.501665238609531,14.530726432800293,8300
2024-10-17,14.508445739746094,14.530725957101659,14.482290019143583,14.530725957101659,2100
2024-10-18,14.521039009094238,14.521039009094238,14.491977815005601,14.491977815005601,1200
2024-10-21,14.521039009094238,14.530726381736685,14.513289850051244,14.530726381736685,3600
2024-10-22,14.530726432800293,14.550101178153273,14.521039060123803,14.550101178153273,3000
2024-10-23,14.530726432800293,14.530726432800293,14.521039060123803,14.52297634989136,1900
2024-10-24,14.49197769165039,14.860089534381677,14.49197769165039,14.860089534381677,2100
2024-10-25,14.62759780883789,14.724468760755231,14.62759780883789,14.724468760755231,1800
2024-10-28,14.798091888427734,14.798091888427734,14.725438440702076,14.725438440702076,4600
2024-10-29,14.719625473022461,14.960836062171918,14.627598204785745,14.860089604286976,9900
2024-10-30,14.734156608581543,14.855245995264875,14.724469235925588,14.724469235925588,2500
2024-10-31,14.734156608581543,14.734156608581543,14.734156608581543,14.734156608581543,0
2024-11-01,15.015083312988281,15.276636820592572,14.919180544967775,14.986022120089583,6100
2024-11-04,15.67187213897705,15.790055127924425,15.111955677825536,15.111955677825536,7700
2024-11-05,15.66702938079834,15.69318510194954,15.499441346052922,15.66412298426183,3200
2024-11-06,15.693184852600098,15.693184852600098,15.460692533985972,15.68349748019145,3500
2024-11-07,15.66993522644043,15.693184550237763,15.528502917818425,15.683497178015765,6700
2024-11-08,15.615687370300293,15.693184500151624,14.976334663268828,15.66412238357838,8100
2024-11-11,15.62343692779541,15.635060666115029,15.154578633539442,15.635060666115029,3700
2024-11-12,15.644747734069824,15.644747734069824,15.586625348248187,15.596312720498016,3100
2024-11-13,15.693184852600098,15.83849174337508,15.469410799618283,15.635060618148215,42400
2024-11-14,15.57693862915039,15.57693862915039,15.57693862915039,15.57693862915039,1200
2024-11-15,15.644747734069824,15.693184595318964,15.528502962426552,15.693184595318964,3100
2024-11-18,15.673810005187988,15.693184749878462,15.421943867243868,15.693184749878462,5100
2024-11-19,15.644747734069824,15.683497223069136,15.606000092747843,15.683497223069136,2100
2024-11-20,15.654435157775879,15.68349727462089,15.59146816178369,15.68349727462089,4800
2024-11-21,15.693184852600098,15.693184852600098,15.65443536296551,15.65443536296551,4000
2024-11-22,15.688340187072754,15.693184797098626,15.649592545252565,15.693184797098626,13000
2024-11-25,15.84914779663086,15.935364120402198,15.712558243358473,15.712558243358473,8100
2024-11-26,16.468156814575195,16.535966576418588,15.935364244939326,15.935364244939326,37800
2024-11-27,16.380971908569336,16.468156413868712,16.375159115502072,16.468156413868712,4200
2024-11-29,16.293787002563477,16.468156008874047,16.138792740882376,16.468156008874047,7100
2024-12-02,16.201759338378906,16.274411857435503,16.100044703093292,16.274411857435503,2300
2024-12-03,16.274412155151367,16.30347427191203,16.070982880858708,16.16591654219528,18200
2024-12-04,16.468156814575195,16.535966576418588,16.303475172522347,16.303475172522347,151200
2024-12-05,16.45846939086914,16.46815676362786,16.40615979518497,16.46815676362786,3500
2024-12-06,16.492374420166016,16.497219030427708,16.429407420506163,16.468156911889903,13400
2024-12-09,16.506906509399414,16.506906509399414,16.35191039054541,16.35191039054541,3500
2024-12-10,16.584402084350586,16.584402084350586,16.468155468068566,16.506904956055003,15100
2024-12-11,16.37128448486328,16.594088509853353,16.264727082468287,16.594088509853353,20000
2024-12-12,16.468156814575195,16.468156814575195,15.886927380995878,16.35384840241707,6800
2024-12-13,16.34222412109375,16.46815626781073,16.304442814169022,16.46815626781073,8700
2024-12-16,16.424564361572266,16.46815661475371,16.347067227880522,16.458469242082565,4000
2024-12-17,16.461376190185547,16.4681571665148,16.235665757650008,16.398409189552122,9600
2024-12-18,16.37128448486328,16.46815636241295,16.37128448486328,16.46815636241295,1600
2024-12-19,16.34706687927246,16.46815626356337,16.34706687927246,16.46815626356337,1400
2024-12-20,16.344160079956055,16.410033472020615,16.3083169874883,16.399377916875423,2600
2024-12-23,16.448781967163086,16.506906203535372,16.40809611030894,16.4584693398918,16000
2024-12-24,16.356754302978516,16.448781570164048,16.27441256061051,16.448781570164048,6500
2024-12-26,16.468156814575195,16.468156814575195,16.419721798309183,16.44878206899782,4500
2024-12-27,16.376129150390625,16.46815641815173,16.274412662396635,16.46331365571268,12000
2024-12-30,16.9525146484375,17.21794275467151,16.506906578849467,16.56502896886585,54800
2024-12-31,17.243127822875977,17.320624955988865,17.00094905093852,17.00094905093852,32700
2025-01-02,17.34000015258789,17.43687203342016,17.117196120047886,17.117196120047886,69500
2025-01-03,17.5,17.739999771118164,17.350000381469727,17.510000228881836,8700
2025-01-06,17.420000076293945,17.5,17.309999465942383,17.5,31300
2025-01-07,17.309999465942383,17.5,17.229999542236328,17.5,17100
2025-01-08,17.360000610351562,17.399999618530273,17.089000701904297,17.299999237060547,4300
2025-01-10,18.0,18.0,17.336000442504883,17.389999389648438,40900
2025-01-13,17.889999389648438,18.0,17.670000076293945,18.0,18800
2025-01-14,17.739999771118164,17.989999771118164,17.649999618530273,17.899999618530273,49100
2025-01-15,17.979999542236328,18.0,17.75,17.799999237060547,58500
2025-01-16,18.100000381469727,18.25,17.950000762939453,17.979999542236328,17800
2025-01-17,18.399999618530273,18.5,18.110000610351562,18.5,22100
2025-01-21,18.2450008392334,18.399999618530273,18.239999771118164,18.399999618530273,24500
2025-01-22,18.010000228881836,18.25,18.010000228881836,18.25,10800
2025-01-23,18.100000381469727,18.15999984741211,17.889999389648438,18.059999465942383,28400
2025-01-24,18.030000686645508,18.25,17.959999084472656,17.97100067138672,13500
2025-01-27,18.219999313354492,18.29800033569336,17.979999542236328,18.0,9734
