Price,Close,High,Low,Open,Volume
Ticker,GOGO,GOGO,GOGO,GOGO,GOGO
Date,,,,,
2020-01-28,5.559999942779541,5.630000114440918,5.420000076293945,5.420000076293945,1281600
2020-01-29,5.460000038146973,5.630000114440918,5.369999885559082,5.570000171661377,870600
2020-01-30,5.389999866485596,5.400000095367432,5.190000057220459,5.360000133514404,1708100
2020-01-31,5.260000228881836,5.380000114440918,5.190000057220459,5.340000152587891,1446600
2020-02-03,5.190000057220459,5.320000171661377,5.159999847412109,5.28000020980835,1818400
2020-02-04,5.079999923706055,5.239999771118164,5.059999942779541,5.230000019073486,2303300
2020-02-05,5.03000020980835,5.190000057220459,4.909999847412109,5.099999904632568,1981300
2020-02-06,5.28000020980835,5.320000171661377,5.03000020980835,5.050000190734863,1587500
2020-02-07,5.03000020980835,5.329999923706055,5.019999980926514,5.260000228881836,1222300
2020-02-10,5.090000152587891,5.105000019073486,4.980000019073486,4.989999771118164,968900
2020-02-11,5.440000057220459,5.590000152587891,5.110000133514404,5.139999866485596,1622000
2020-02-12,5.21999979019165,5.590000152587891,5.179999828338623,5.480000019073486,1249400
2020-02-13,5.110000133514404,5.300000190734863,5.079999923706055,5.199999809265137,822500
2020-02-14,5.010000228881836,5.170000076293945,5.010000228881836,5.110000133514404,1277200
2020-02-18,5.010000228881836,5.059999942779541,4.889999866485596,5.010000228881836,1610000
2020-02-19,5.050000190734863,5.139999866485596,5.010000228881836,5.010000228881836,931200
2020-02-20,5.119999885559082,5.230000019073486,5.050000190734863,5.099999904632568,889600
2020-02-21,4.96999979019165,5.119999885559082,4.815000057220459,5.099999904632568,2226800
2020-02-24,4.440000057220459,4.900000095367432,4.40500020980835,4.789999961853027,4932000
2020-02-25,4.289999961853027,4.638000011444092,4.21999979019165,4.539999961853027,3304200
2020-02-26,3.8499999046325684,4.349999904632568,3.809999942779541,4.28000020980835,4215600
2020-02-27,3.8299999237060547,3.890000104904175,2.9600000381469727,3.799999952316284,5066300
2020-02-28,3.609999895095825,3.7899999618530273,3.509999990463257,3.609999895095825,3056200
2020-03-02,3.549999952316284,3.680000066757202,3.2300000190734863,3.6600000858306885,4410300
2020-03-03,3.2300000190734863,3.5399999618530273,3.180000066757202,3.5199999809265137,4227400
2020-03-04,3.299999952316284,3.369999885559082,3.2200000286102295,3.309999942779541,3220400
2020-03-05,2.809999942779541,3.259999990463257,2.75,3.25,6213100
2020-03-06,2.809999942779541,3.0399999618530273,2.569999933242798,2.700000047683716,5185700
2020-03-09,2.7799999713897705,2.9100000858306885,2.3499999046325684,2.5,9358800
2020-03-10,2.8299999237060547,2.9100000858306885,2.4200000762939453,2.9100000858306885,4760400
2020-03-11,2.490000009536743,2.7100000381469727,2.4800000190734863,2.6700000762939453,2897200
2020-03-12,1.9299999475479126,2.240000009536743,1.774999976158142,2.2300000190734863,5069100
2020-03-13,2.2300000190734863,2.549999952316284,1.9700000286102295,2.490000009536743,3629000
2020-03-16,1.7999999523162842,2.190000057220459,1.5399999618530273,1.5399999618530273,2105900
2020-03-17,2.140000104904175,2.236999988555908,1.899999976158142,1.9600000381469727,2823300
2020-03-18,2.0899999141693115,2.4200000762939453,1.9149999618530273,2.0,2259500
2020-03-19,2.2200000286102295,2.299999952316284,2.109999895095825,2.190000057220459,2362200
2020-03-20,2.700000047683716,2.940000057220459,2.240000009536743,2.25,3999300
2020-03-23,3.2200000286102295,3.309999942779541,2.7249999046325684,2.890000104904175,3594800
2020-03-24,3.1500000953674316,3.5799999237060547,2.8499999046325684,3.5299999713897705,3730300
2020-03-25,2.2899999618530273,3.1500000953674316,2.25,3.130000114440918,2697300
2020-03-26,2.299999952316284,2.609999895095825,2.2899999618530273,2.509999990463257,2622100
2020-03-27,2.119999885559082,2.380000114440918,2.0999999046325684,2.2799999713897705,1466000
2020-03-30,2.319999933242798,2.359999895095825,2.059999942779541,2.130000114440918,759100
2020-03-31,2.119999885559082,2.309999942779541,2.0799999237060547,2.299999952316284,661100
2020-04-01,2.009999990463257,2.1500000953674316,2.0,2.130000114440918,2696000
2020-04-02,1.8899999856948853,2.0799999237060547,1.8600000143051147,2.009999990463257,891500
2020-04-03,1.9800000190734863,1.9900000095367432,1.5,1.8600000143051147,2558000
2020-04-06,1.7100000381469727,2.059999942779541,1.690000057220459,2.0399999618530273,1608800
2020-04-07,1.7999999523162842,1.940000057220459,1.7699999809265137,1.8200000524520874,1745600
2020-04-08,1.9199999570846558,1.9479999542236328,1.7000000476837158,1.809999942779541,1244100
2020-04-09,2.0950000286102295,2.109999895095825,1.8799999952316284,1.940000057220459,1958700
2020-04-13,1.9900000095367432,2.109999895095825,1.8700000047683716,2.109999895095825,1023200
2020-04-14,1.899999976158142,2.059999942779541,1.8200000524520874,2.009999990463257,1668000
2020-04-15,1.909999966621399,1.9199999570846558,1.7300000190734863,1.8899999856948853,1389200
2020-04-16,1.8200000524520874,1.8990000486373901,1.7050000429153442,1.8700000047683716,1220100
2020-04-17,1.840000033378601,1.9199999570846558,1.7610000371932983,1.899999976158142,1292000
2020-04-20,1.690000057220459,1.8300000429153442,1.6299999952316284,1.8300000429153442,1950500
2020-04-21,1.5499999523162842,1.7200000286102295,1.5099999904632568,1.7100000381469727,1986900
2020-04-22,1.5499999523162842,1.7000000476837158,1.5,1.5700000524520874,1429200
2020-04-23,1.559999942779541,1.7000000476837158,1.5199999809265137,1.600000023841858,1720100
2020-04-24,1.5299999713897705,1.562999963760376,1.4800000190734863,1.5499999523162842,1792500
2020-04-27,1.5099999904632568,1.559999942779541,1.4600000381469727,1.5299999713897705,1773300
2020-04-28,1.5800000429153442,1.6399999856948853,1.4800000190734863,1.5399999618530273,2501600
2020-04-29,1.6699999570846558,1.9500000476837158,1.5800000429153442,1.6200000047683716,4651800
2020-04-30,1.6299999952316284,1.7400000095367432,1.5,1.7300000190734863,1251300
2020-05-01,1.5700000524520874,1.659999966621399,1.559999942779541,1.559999942779541,868500
2020-05-04,1.4800000190734863,1.600000023841858,1.4670000076293945,1.5700000524520874,1914200
2020-05-05,1.409999966621399,1.5299999713897705,1.3799999952316284,1.5099999904632568,1601600
2020-05-06,1.4500000476837158,1.4700000286102295,1.3300000429153442,1.4299999475479126,1383200
2020-05-07,1.4199999570846558,1.5399999618530273,1.4199999570846558,1.4600000381469727,1100600
2020-05-08,1.399999976158142,1.5199999809265137,1.399999976158142,1.4600000381469727,1948200
2020-05-11,1.6749999523162842,1.7280000448226929,1.4600000381469727,1.4900000095367432,5149000
2020-05-12,1.7599999904632568,1.9199999570846558,1.6399999856948853,1.649999976158142,3872500
2020-05-13,1.6399999856948853,1.815000057220459,1.559999942779541,1.7599999904632568,1629400
2020-05-14,1.7100000381469727,1.7799999713897705,1.5,1.590000033378601,1328900
2020-05-15,1.8300000429153442,1.850000023841858,1.649999976158142,1.6699999570846558,2505400
2020-05-18,1.8799999952316284,1.9500000476837158,1.7599999904632568,1.909999966621399,2601700
2020-05-19,2.0399999618530273,2.180000066757202,1.840000033378601,1.850000023841858,2693500
2020-05-20,2.2699999809265137,2.509999990463257,2.0999999046325684,2.0999999046325684,3861700
2020-05-21,2.4000000953674316,2.490000009536743,2.2799999713897705,2.3499999046325684,3178200
2020-05-22,2.2100000381469727,2.4000000953674316,2.1500000953674316,2.380000114440918,2480100
2020-05-26,2.319999933242798,2.4700000286102295,2.25,2.2899999618530273,1948900
2020-05-27,2.1600000858306885,2.440000057220459,2.0799999237060547,2.359999895095825,1968900
2020-05-28,2.0799999237060547,2.180000066757202,2.069999933242798,2.180000066757202,1189400
2020-05-29,2.0799999237060547,2.180000066757202,1.9600000381469727,2.049999952316284,2508100
2020-06-01,2.200000047683716,2.240000009536743,2.0199999809265137,2.130000114440918,2660100
2020-06-02,2.240000009536743,2.2699999809265137,2.140000104904175,2.2200000286102295,1943800
2020-06-03,2.619999885559082,2.6700000762939453,2.2799999713897705,2.2799999713897705,4429800
2020-06-04,3.109999895095825,3.390000104904175,2.7309999465942383,2.740000009536743,6960400
2020-06-05,3.1649999618530273,3.880000114440918,3.069999933242798,3.809999942779541,8430200
2020-06-08,3.4800000190734863,3.509999990463257,3.184999942779541,3.259999990463257,4288300
2020-06-09,3.140000104904175,3.359999895095825,3.0299999713897705,3.3499999046325684,2291100
2020-06-10,3.0,3.200000047683716,2.8299999237060547,3.1500000953674316,2187800
2020-06-11,2.309999942779541,2.809999942779541,2.299999952316284,2.75,3459200
2020-06-12,2.609999895095825,2.615000009536743,2.390000104904175,2.549999952316284,2066200
2020-06-15,2.9200000762939453,2.940000057220459,2.4200000762939453,2.490000009536743,2843400
2020-06-16,2.8499999046325684,3.072000026702881,2.7300000190734863,3.0299999713897705,2285200
2020-06-17,2.759999990463257,2.859999895095825,2.700000047683716,2.8299999237060547,2338100
2020-06-18,2.5799999237060547,2.759999990463257,2.5299999713897705,2.7200000286102295,2416800
2020-06-19,2.869999885559082,2.890000104904175,2.5299999713897705,2.6500000953674316,3716600
2020-06-22,2.630000114440918,2.799999952316284,2.569999933242798,2.7699999809265137,3362200
2020-06-23,2.75,2.799999952316284,2.5899999141693115,2.6700000762939453,1899000
2020-06-24,2.6600000858306885,2.740000009536743,2.559999942779541,2.700000047683716,2426900
2020-06-25,2.9600000381469727,2.9800000190734863,2.559999942779541,2.569999933242798,3023200
2020-06-26,2.734999895095825,2.9700000286102295,2.630000114440918,2.9100000858306885,2026700
2020-06-29,2.7699999809265137,2.9100000858306885,2.680000066757202,2.7699999809265137,1172200
2020-06-30,3.1600000858306885,3.1700000762939453,2.690000057220459,2.740000009536743,3880100
2020-07-01,3.059999942779541,3.140000104904175,2.8399999141693115,3.0999999046325684,2861700
2020-07-02,3.0999999046325684,3.140000104904175,3.009999990463257,3.059999942779541,1522900
2020-07-06,3.319999933242798,3.440000057220459,3.119999885559082,3.119999885559082,2367900
2020-07-07,3.2149999141693115,3.359999895095825,3.140000104904175,3.2699999809265137,1760700
2020-07-08,3.4000000953674316,3.509999990463257,3.1500000953674316,3.180000066757202,2185400
2020-07-09,3.430000066757202,3.5199999809265137,3.2200000286102295,3.450000047683716,2351900
2020-07-10,3.4800000190734863,3.990000009536743,3.3450000286102295,3.4000000953674316,4930800
2020-07-13,3.200000047683716,3.640000104904175,3.1600000858306885,3.5999999046325684,2437900
2020-07-14,3.3499999046325684,3.3499999046325684,3.0199999809265137,3.200000047683716,2259100
2020-07-15,3.2799999713897705,3.490000009536743,3.2049999237060547,3.4200000762939453,2041900
2020-07-16,3.2699999809265137,3.3299999237060547,3.174999952316284,3.25,1584300
2020-07-17,3.299999952316284,3.359999895095825,3.1500000953674316,3.2300000190734863,1279900
2020-07-20,3.240000009536743,3.3499999046325684,3.1500000953674316,3.3499999046325684,1345500
2020-07-21,3.4600000381469727,3.484999895095825,3.200000047683716,3.2100000381469727,2000900
2020-07-22,3.240000009536743,3.5399999618530273,3.174999952316284,3.4700000286102295,2008100
2020-07-23,3.2200000286102295,3.3399999141693115,3.1500000953674316,3.2100000381469727,1577300
2020-07-24,3.259999990463257,3.359999895095825,3.0999999046325684,3.190000057220459,1582100
2020-07-27,3.140000104904175,3.2950000762939453,3.115000009536743,3.2799999713897705,1210800
2020-07-28,3.2200000286102295,3.259999990463257,3.0999999046325684,3.140000104904175,835100
2020-07-29,3.240000009536743,3.2899999618530273,3.130000114440918,3.200000047683716,891100
2020-07-30,3.4200000762939453,3.4549999237060547,3.134999990463257,3.180000066757202,1449800
2020-07-31,2.9100000858306885,3.359999895095825,2.765000104904175,3.319999933242798,3100400
2020-08-03,3.1500000953674316,3.1700000762939453,2.890000104904175,2.9600000381469727,988200
2020-08-04,3.369999885559082,3.4600000381469727,3.049999952316284,3.069999933242798,1465800
2020-08-05,3.3499999046325684,3.5199999809265137,3.2799999713897705,3.4100000858306885,2104800
2020-08-06,3.2799999713897705,3.4100000858306885,3.2100000381469727,3.359999895095825,857700
2020-08-07,3.244999885559082,3.4100000858306885,3.1600000858306885,3.2300000190734863,1158600
2020-08-10,3.619999885559082,3.819999933242798,3.25,3.299999952316284,3797300
2020-08-11,3.359999895095825,3.819999933242798,3.3399999141693115,3.609999895095825,2324600
2020-08-12,3.4100000858306885,3.700000047683716,3.3499999046325684,3.4000000953674316,1691400
2020-08-13,3.430000066757202,3.640000104904175,3.3299999237060547,3.359999895095825,1235600
2020-08-14,3.4600000381469727,3.502000093460083,3.380000114440918,3.380000114440918,653700
2020-08-17,3.5,3.5299999713897705,3.374000072479248,3.430000066757202,960700
2020-08-18,3.4100000858306885,3.5299999713897705,3.359999895095825,3.490000009536743,1096400
2020-08-19,3.440000057220459,3.5999999046325684,3.380000114440918,3.380000114440918,1146200
2020-08-20,3.630000114440918,3.630000114440918,3.359999895095825,3.4000000953674316,1177700
2020-08-21,3.509999990463257,3.7200000286102295,3.4800000190734863,3.609999895095825,957500
2020-08-24,3.7100000381469727,3.880000114440918,3.509999990463257,3.509999990463257,2111500
2020-08-25,4.539999961853027,4.579999923706055,3.7200000286102295,3.7699999809265137,8680000
2020-08-26,5.119999885559082,5.5,4.269999980926514,4.349999904632568,18625000
2020-08-27,4.789999961853027,5.090000152587891,4.570000171661377,5.019999980926514,4001500
2020-08-28,5.0,5.989999771118164,4.860000133514404,5.0,10273300
2020-08-31,5.139999866485596,5.239999771118164,4.860000133514404,4.960000038146973,4867800
2020-09-01,7.369999885559082,8.0,5.849999904632568,6.204999923706055,71074900
2020-09-02,9.479999542236328,10.0600004196167,6.849999904632568,7.03000020980835,94224300
2020-09-03,9.640000343322754,9.880000114440918,8.510000228881836,8.944000244140625,23304400
2020-09-04,10.039999961853027,10.680000305175781,9.312000274658203,9.430000305175781,19185000
2020-09-08,9.0600004196167,9.720000267028809,8.920000076293945,9.300000190734863,7978000
2020-09-09,9.454999923706055,9.5,8.645000457763672,9.220000267028809,5023800
2020-09-10,9.675000190734863,10.369999885559082,9.479999542236328,9.5,8044100
2020-09-11,9.449999809265137,9.970000267028809,9.069999694824219,9.619999885559082,4274100
2020-09-14,9.270000457763672,9.59000015258789,9.079999923706055,9.449999809265137,2723800
2020-09-15,9.609999656677246,10.039999961853027,9.270000457763672,9.319999694824219,4101300
2020-09-16,10.930000305175781,11.600000381469727,9.600000381469727,9.888999938964844,12542200
2020-09-17,10.119999885559082,10.954999923706055,9.859999656677246,10.640000343322754,6028000
2020-09-18,10.130000114440918,10.600000381469727,9.736000061035156,10.149999618530273,4526600
2020-09-21,9.829999923706055,10.256999969482422,9.75,9.75,1623400
2020-09-22,9.600000381469727,9.960000038146973,9.25,9.770000457763672,2019000
2020-09-23,8.680000305175781,9.710000038146973,8.619999885559082,9.550000190734863,3139200
2020-09-24,8.880000114440918,9.300000190734863,8.6899995803833,8.760000228881836,2585800
2020-09-25,8.989999771118164,9.670000076293945,8.711000442504883,8.800000190734863,2788500
2020-09-28,9.204999923706055,9.460000038146973,8.960000038146973,9.100000381469727,1338700
2020-09-29,9.8100004196167,10.079999923706055,8.949999809265137,9.119999885559082,3673900
2020-09-30,9.239999771118164,10.0600004196167,9.170000076293945,9.680000305175781,3644400
2020-10-01,9.600000381469727,9.9399995803833,8.899999618530273,9.140000343322754,3417600
2020-10-02,10.010000228881836,10.510000228881836,9.100000381469727,9.229999542236328,5405300
2020-10-05,10.289999961853027,10.550000190734863,9.65999984741211,10.050000190734863,3805400
2020-10-06,10.109999656677246,10.649999618530273,9.90999984741211,10.399999618530273,3288600
2020-10-07,10.069999694824219,11.149999618530273,9.949999809265137,10.3100004196167,5096200
2020-10-08,10.15999984741211,10.529999732971191,10.050000190734863,10.25,1990100
2020-10-09,11.010000228881836,11.050000190734863,10.069999694824219,10.069999694824219,3143600
2020-10-12,10.020000457763672,11.25,9.949999809265137,11.0,3124800
2020-10-13,10.420000076293945,10.640000343322754,9.819999694824219,10.0,3211400
2020-10-14,10.295000076293945,10.420000076293945,9.930000305175781,10.40999984741211,2251000
2020-10-15,10.170000076293945,10.279999732971191,9.930000305175781,10.010000228881836,2049400
2020-10-16,10.970000267028809,11.15999984741211,10.15999984741211,10.15999984741211,5103600
2020-10-19,10.640000343322754,11.970000267028809,10.59000015258789,11.100000381469727,6866100
2020-10-20,10.1899995803833,10.817999839782715,10.079999923706055,10.699999809265137,1824200
2020-10-21,9.699999809265137,10.34000015258789,9.435999870300293,10.100000381469727,2130800
2020-10-22,9.430000305175781,9.847999572753906,9.319999694824219,9.65999984741211,1497900
2020-10-23,9.399999618530273,9.600000381469727,9.300000190734863,9.5,778300
2020-10-26,9.15999984741211,9.397000312805176,8.979999542236328,9.319999694824219,1487800
2020-10-27,9.130000114440918,9.489999771118164,9.020000457763672,9.0600004196167,731500
2020-10-28,8.824999809265137,9.100000381469727,8.75,8.899999618530273,1399300
2020-10-29,9.135000228881836,9.239999771118164,8.609999656677246,8.850000381469727,1199400
2020-10-30,8.039999961853027,9.039999961853027,8.020000457763672,9.039999961853027,2503100
2020-11-02,8.3149995803833,8.520000457763672,8.109999656677246,8.289999961853027,1461500
2020-11-03,8.640000343322754,8.75,8.246000289916992,8.369999885559082,990800
2020-11-04,8.479999542236328,8.729999542236328,8.300000190734863,8.649999618530273,889900
2020-11-05,9.210000038146973,9.350000381469727,8.569999694824219,8.800000190734863,1623000
2020-11-06,8.729999542236328,9.359999656677246,8.710000038146973,9.100000381469727,1288900
2020-11-09,8.25,9.930000305175781,8.119999885559082,9.3100004196167,2956100
2020-11-10,9.239999771118164,9.489999771118164,8.350000381469727,8.350000381469727,1852900
2020-11-11,9.520000457763672,9.625,9.0,9.399999618530273,1404600
2020-11-12,10.375,10.420000076293945,9.319999694824219,9.399999618530273,2480800
2020-11-13,10.4350004196167,10.600000381469727,9.989999771118164,10.449999809265137,1392400
2020-11-16,10.399999618530273,11.0600004196167,10.125,10.699999809265137,6938200
2020-11-17,10.619999885559082,10.670000076293945,10.069999694824219,10.220000267028809,1102100
2020-11-18,10.020000457763672,11.100000381469727,10.010000228881836,10.520000457763672,3420800
2020-11-19,9.9399995803833,10.319999694824219,9.75,10.050000190734863,2249800
2020-11-20,9.420000076293945,10.050000190734863,9.34000015258789,10.010000228881836,2069100
2020-11-23,9.970000267028809,10.279999732971191,9.675000190734863,9.880000114440918,3073000
2020-11-24,10.65999984741211,10.994999885559082,10.09000015258789,10.239999771118164,3950000
2020-11-25,10.90999984741211,11.40999984741211,10.510000228881836,10.788000106811523,2475100
2020-11-27,11.069999694824219,11.130000114440918,10.717000007629395,10.880000114440918,959300
2020-11-30,10.539999961853027,11.149999618530273,10.180000305175781,11.069999694824219,1934500
2020-12-01,11.0600004196167,11.949999809265137,10.739999771118164,11.260000228881836,6471300
2020-12-02,9.960000038146973,10.890000343322754,9.899999618530273,10.880000114440918,3843600
2020-12-03,10.09000015258789,10.649999618530273,9.640000343322754,10.15999984741211,4219600
2020-12-04,10.119999885559082,10.390000343322754,9.84000015258789,10.25,4663000
2020-12-07,10.520000457763672,10.949999809265137,10.15999984741211,10.1899995803833,2386800
2020-12-08,12.199999809265137,12.880000114440918,10.420000076293945,10.682000160217285,13371200
2020-12-09,11.239999771118164,12.390000343322754,11.039999961853027,12.25,4676300
2020-12-10,10.359999656677246,11.45199966430664,10.265000343322754,11.079999923706055,4742700
2020-12-11,10.119999885559082,10.739999771118164,9.760000228881836,10.322999954223633,3556300
2020-12-14,9.489999771118164,10.34000015258789,9.489999771118164,10.34000015258789,2768900
2020-12-15,9.970000267028809,10.145000457763672,9.399999618530273,9.579999923706055,2191600
2020-12-16,9.649999618530273,10.0,9.279999732971191,9.920000076293945,2589500
2020-12-17,9.78499984741211,9.920000076293945,9.40999984741211,9.630000114440918,2542200
2020-12-18,9.510000228881836,9.979999542236328,9.359999656677246,9.869999885559082,2373400
2020-12-21,9.699999809265137,9.937000274658203,9.109999656677246,9.329999923706055,2079500
2020-12-22,9.800000190734863,9.930000305175781,9.399999618530273,9.850000381469727,3251900
2020-12-23,9.920000076293945,9.970000267028809,9.460000038146973,9.6899995803833,1149200
2020-12-24,10.130000114440918,10.489999771118164,9.899999618530273,9.970000267028809,1459800
2020-12-28,9.729999542236328,10.34000015258789,9.609999656677246,10.270000457763672,1997100
2020-12-29,9.479999542236328,9.819999694824219,9.300000190734863,9.739999771118164,2114600
2020-12-30,9.734999656677246,10.0600004196167,9.357999801635742,9.600000381469727,2029800
2020-12-31,9.630000114440918,9.9399995803833,9.489999771118164,9.819999694824219,2655900
2021-01-04,9.569999694824219,9.75,9.3100004196167,9.6899995803833,1591100
2021-01-05,10.119999885559082,10.239999771118164,9.5,9.5,2519000
2021-01-06,10.239999771118164,10.65999984741211,9.949999809265137,10.149999618530273,2106500
2021-01-07,10.119999885559082,10.619999885559082,10.0,10.399999618530273,1277200
2021-01-08,10.279999732971191,10.329999923706055,9.8100004196167,10.149999618530273,1466900
2021-01-11,10.875,11.229999542236328,10.020000457763672,10.079999923706055,3723300
2021-01-12,11.430000305175781,11.600000381469727,10.930000305175781,11.039999961853027,3063000
2021-01-13,11.619999885559082,11.819999694824219,11.119999885559082,11.420000076293945,1985000
2021-01-14,12.100000381469727,13.449999809265137,11.899999618530273,12.0,7645400
2021-01-15,10.979999542236328,11.989999771118164,10.949999809265137,11.899999618530273,2364000
2021-01-19,11.430000305175781,11.520000457763672,10.859999656677246,11.100000381469727,1774400
2021-01-20,11.420000076293945,11.789999961853027,11.347999572753906,11.5,922800
2021-01-21,11.640000343322754,11.8100004196167,11.010000228881836,11.399999618530273,1609000
2021-01-22,12.270000457763672,12.5600004196167,11.399999618530273,11.5,3725200
2021-01-25,14.5,15.699999809265137,12.619999885559082,13.130000114440918,21323100
2021-01-26,14.779999732971191,15.449999809265137,13.970000267028809,14.970000267028809,5770600
2021-01-27,13.90999984741211,17.229999542236328,13.42199993133545,15.399999618530273,13451500
2021-01-28,13.130000114440918,15.289999961853027,12.3100004196167,14.0600004196167,5213200
2021-01-29,13.399999618530273,14.579999923706055,13.0,13.510000228881836,4316000
2021-02-01,12.220000267028809,13.40999984741211,11.899999618530273,12.770000457763672,5322000
2021-02-02,12.289999961853027,13.130000114440918,11.90999984741211,12.039999961853027,2747200
2021-02-03,12.899999618530273,13.40999984741211,12.029999732971191,12.3100004196167,2854600
2021-02-04,13.010000228881836,13.199999809265137,12.550000190734863,13.020000457763672,1752000
2021-02-05,13.220000267028809,13.510000228881836,12.789999961853027,13.020000457763672,1551200
2021-02-08,13.649999618530273,13.899999618530273,13.270000457763672,13.5,1547500
2021-02-09,13.8100004196167,14.210000038146973,13.319999694824219,13.640000343322754,2177400
2021-02-10,13.529999732971191,14.199999809265137,13.119999885559082,14.0,1951300
2021-02-11,13.859999656677246,13.930000305175781,12.5600004196167,13.779999732971191,3274200
2021-02-12,15.390000343322754,15.621999740600586,13.322999954223633,13.449999809265137,6329500
2021-02-16,15.5600004196167,16.1299991607666,14.609999656677246,15.479999542236328,3317900
2021-02-17,14.0600004196167,15.529999732971191,13.859999656677246,15.5,2663200
2021-02-18,13.140000343322754,14.09000015258789,12.869999885559082,13.800000190734863,2171500
2021-02-19,13.0,13.569999694824219,12.869999885559082,13.319999694824219,1750600
2021-02-22,12.010000228881836,13.029999732971191,11.8100004196167,12.9399995803833,2097200
2021-02-23,12.329999923706055,12.670000076293945,11.329999923706055,11.649999618530273,2355900
2021-02-24,13.395000457763672,13.479999542236328,11.960000038146973,12.399999618530273,4759600
2021-02-25,11.520000457763672,13.460000038146973,11.380000114440918,13.369999885559082,2755500
2021-02-26,11.850000381469727,12.350000381469727,11.34000015258789,11.84000015258789,1731200
2021-03-01,12.069999694824219,12.449999809265137,11.979999542236328,12.210000038146973,1563200
2021-03-02,11.65999984741211,12.380000114440918,11.619999885559082,12.140000343322754,1382000
2021-03-03,11.229999542236328,11.829999923706055,10.960000038146973,11.6899995803833,2083100
2021-03-04,11.390000343322754,11.6899995803833,10.600000381469727,11.210000038146973,2584000
2021-03-05,11.960000038146973,11.989999771118164,10.880000114440918,11.300000190734863,2240800
2021-03-08,12.680000305175781,13.119999885559082,11.729999542236328,12.022000312805176,3662800
2021-03-09,12.670000076293945,13.180000305175781,12.300000190734863,12.90999984741211,2570000
2021-03-10,12.520000457763672,13.4399995803833,12.489999771118164,12.649999618530273,2770600
2021-03-11,11.520000457763672,14.378000259399414,11.229999542236328,12.520000457763672,9622600
2021-03-12,11.180000305175781,11.942000389099121,11.069999694824219,11.300000190734863,2773400
2021-03-15,11.020000457763672,11.479999542236328,10.779999732971191,11.149999618530273,3074700
2021-03-16,10.800000190734863,11.260000228881836,10.640000343322754,11.130000114440918,2142000
2021-03-17,10.789999961853027,10.880000114440918,10.260000228881836,10.699999809265137,2068400
2021-03-18,10.220000267028809,10.770000457763672,10.100000381469727,10.600000381469727,2956200
2021-03-19,10.25,10.390000343322754,10.010000228881836,10.15999984741211,2423000
2021-03-22,10.140000343322754,10.399999618530273,10.010000228881836,10.350000381469727,2591500
2021-03-23,9.829999923706055,10.199999809265137,9.640000343322754,10.050000190734863,2284800
2021-03-24,9.484999656677246,10.100000381469727,9.390000343322754,9.930000305175781,1921900
2021-03-25,9.96500015258789,10.039999961853027,9.210000038146973,9.350000381469727,2514900
2021-03-26,9.630000114440918,10.069999694824219,9.300000190734863,10.0600004196167,2184700
2021-03-29,9.270000457763672,9.699999809265137,9.180000305175781,9.520000457763672,1602800
2021-03-30,9.600000381469727,9.6850004196167,9.222999572753906,9.279999732971191,1173400
2021-03-31,9.65999984741211,9.807999610900879,9.420000076293945,9.619999885559082,1536000
2021-04-01,9.96500015258789,10.449999809265137,9.710000038146973,9.779999732971191,2568200
2021-04-05,10.204999923706055,10.960000038146973,9.930000305175781,10.873000144958496,2279100
2021-04-06,10.270000457763672,10.444999694824219,9.876999855041504,10.229999542236328,1536000
2021-04-07,10.390000343322754,10.550000190734863,9.949999809265137,10.199999809265137,1662200
2021-04-08,11.055000305175781,11.149999618530273,10.510000228881836,10.880000114440918,3123400
2021-04-09,10.65999984741211,11.0600004196167,10.628999710083008,10.854000091552734,1055300
2021-04-12,10.430000305175781,10.630000114440918,10.25,10.600000381469727,1032800
2021-04-13,10.859999656677246,10.869999885559082,10.210000038146973,10.380000114440918,1158000
2021-04-14,10.729999542236328,11.0,10.600000381469727,10.920000076293945,1331900
2021-04-15,10.579999923706055,10.819999694824219,10.34000015258789,10.75,970700
2021-04-16,10.550000190734863,11.199999809265137,10.430000305175781,10.619999885559082,2558300
2021-04-19,10.420000076293945,10.6899995803833,10.119999885559082,10.442000389099121,2241600
2021-04-20,9.819999694824219,10.449999809265137,9.630000114440918,10.390000343322754,1708300
2021-04-21,10.300000190734863,10.369999885559082,9.75,9.8100004196167,1417800
2021-04-22,10.539999961853027,10.84000015258789,10.4399995803833,10.5,1605000
2021-04-23,10.850000381469727,11.09000015258789,10.470000267028809,10.600000381469727,1160100
2021-04-26,11.15999984741211,11.199999809265137,10.819999694824219,10.949999809265137,796900
2021-04-27,11.270000457763672,11.329999923706055,10.960000038146973,11.1899995803833,898600
2021-04-28,11.100000381469727,11.399999618530273,11.079999923706055,11.279999732971191,918800
2021-04-29,10.430000305175781,11.300000190734863,10.380000114440918,11.15999984741211,1452300
2021-04-30,10.420000076293945,10.520000457763672,10.229999542236328,10.319999694824219,1006900
2021-05-03,10.319999694824219,10.59000015258789,10.039999961853027,10.520000457763672,1154500
2021-05-04,10.524999618530273,10.539999961853027,10.050000190734863,10.170000076293945,1136600
2021-05-05,9.880000114440918,10.680000305175781,9.720000267028809,10.680000305175781,2175800
2021-05-06,10.680000305175781,11.039999961853027,9.649999618530273,9.8100004196167,2192600
2021-05-07,11.15999984741211,11.229999542236328,10.470000267028809,10.819999694824219,1467100
2021-05-10,11.359999656677246,11.770000457763672,10.920000076293945,11.300000190734863,2050100
2021-05-11,11.609999656677246,11.770000457763672,10.819999694824219,10.960000038146973,1836700
2021-05-12,11.020000457763672,11.550000190734863,10.350000381469727,11.430000305175781,2909200
2021-05-13,11.489999771118164,11.800000190734863,11.0600004196167,11.449999809265137,1664600
2021-05-14,12.0,12.289999961853027,11.550000190734863,11.6899995803833,2852900
2021-05-17,12.180000305175781,12.3100004196167,11.729999542236328,11.869999885559082,1379000
2021-05-18,12.260000228881836,12.505000114440918,12.050000190734863,12.199999809265137,1964300
2021-05-19,12.069999694824219,12.170000076293945,11.8100004196167,11.989999771118164,1022100
2021-05-20,12.050000190734863,12.300000190734863,11.930000305175781,12.100000381469727,1179800
2021-05-21,12.0,12.4399995803833,11.989999771118164,12.140000343322754,2049500
2021-05-24,12.100000381469727,12.220000267028809,11.609000205993652,12.210000038146973,1000100
2021-05-25,12.029999732971191,12.3100004196167,12.029999732971191,12.079999923706055,1059200
2021-05-26,12.649999618530273,12.770000457763672,12.0,12.020000457763672,1904200
2021-05-27,13.649999618530273,13.670000076293945,12.569999694824219,12.779999732971191,7169500
2021-05-28,13.619999885559082,13.875,13.300000190734863,13.649999618530273,1935800
2021-06-01,12.949999809265137,13.649999618530273,12.9399995803833,13.5600004196167,1998200
2021-06-02,13.520000457763672,13.699999809265137,12.949999809265137,13.069999694824219,2527000
2021-06-03,14.380000114440918,14.869999885559082,13.300000190734863,13.350000381469727,4410500
2021-06-04,14.329999923706055,14.529999732971191,13.970000267028809,14.4399995803833,1790000
2021-06-07,14.140000343322754,14.640000343322754,14.109999656677246,14.399999618530273,1399300
2021-06-08,14.4399995803833,14.899999618530273,14.130000114440918,14.25,1387000
2021-06-09,14.1899995803833,14.614999771118164,14.180000305175781,14.460000038146973,968200
2021-06-10,12.65999984741211,14.180000305175781,12.609999656677246,14.140000343322754,2910700
2021-06-11,11.59000015258789,12.729999542236328,11.100000381469727,12.699999809265137,3870000
2021-06-14,11.710000038146973,12.15999984741211,11.510000228881836,11.520000457763672,2155000
2021-06-15,11.859999656677246,12.039999961853027,11.5,11.6899995803833,1663300
2021-06-16,12.100000381469727,12.739999771118164,11.630000114440918,11.760000228881836,3081900
2021-06-17,11.270000457763672,12.15999984741211,11.119999885559082,12.010000228881836,1498200
2021-06-18,11.010000228881836,11.369999885559082,10.989999771118164,11.15999984741211,1430500
2021-06-21,11.100000381469727,11.279999732971191,10.90999984741211,11.170000076293945,1808800
2021-06-22,11.380000114440918,11.404999732971191,11.069999694824219,11.229999542236328,748200
2021-06-23,11.470000267028809,11.779999732971191,11.300000190734863,11.300000190734863,806500
2021-06-24,11.720000267028809,11.805000305175781,11.470000267028809,11.550000190734863,685100
2021-06-25,11.680000305175781,11.930000305175781,11.614999771118164,11.770000457763672,2750000
2021-06-28,11.859999656677246,11.890000343322754,11.399999618530273,11.619999885559082,807800
2021-06-29,11.520000457763672,11.930000305175781,11.34000015258789,11.90999984741211,738900
2021-06-30,11.380000114440918,11.550000190734863,10.84000015258789,11.460000038146973,1322500
2021-07-01,11.40999984741211,11.640000343322754,11.34000015258789,11.489999771118164,555400
2021-07-02,11.029999732971191,11.600000381469727,10.829999923706055,11.430000305175781,884500
2021-07-06,10.920000076293945,11.149999618530273,10.829999923706055,11.149999618530273,562100
2021-07-07,10.529999732971191,10.949999809265137,10.300000190734863,10.949999809265137,1299600
2021-07-08,10.510000228881836,10.800000190734863,10.199999809265137,10.289999961853027,826400
2021-07-09,10.859999656677246,10.949999809265137,10.5,10.640000343322754,526500
2021-07-12,10.84000015258789,10.899999618530273,10.479999542236328,10.779999732971191,812300
2021-07-13,10.680000305175781,11.029999732971191,10.59000015258789,10.859999656677246,763700
2021-07-14,10.359999656677246,10.777999877929688,10.3149995803833,10.680000305175781,1209700
2021-07-15,10.199999809265137,10.40999984741211,9.890000343322754,10.229999542236328,1414000
2021-07-16,10.100000381469727,10.479999542236328,9.975000381469727,10.319999694824219,791000
2021-07-19,9.989999771118164,10.022000312805176,9.609999656677246,9.869999885559082,867800
2021-07-20,10.4399995803833,10.569999694824219,9.869999885559082,10.050000190734863,1026300
2021-07-21,10.779999732971191,10.954999923706055,10.4399995803833,10.470000267028809,964600
2021-07-22,10.420000076293945,10.710000038146973,10.369999885559082,10.710000038146973,784600
2021-07-23,10.329999923706055,10.640000343322754,10.180000305175781,10.640000343322754,522100
2021-07-26,10.449999809265137,10.649999618530273,10.229999542236328,10.539999961853027,741100
2021-07-27,10.1899995803833,10.430000305175781,9.979999542236328,10.430000305175781,694800
2021-07-28,10.220000267028809,10.329999923706055,10.0,10.289999961853027,612500
2021-07-29,10.210000038146973,10.336999893188477,10.079999923706055,10.300000190734863,561900
2021-07-30,10.369999885559082,10.720000267028809,10.029999732971191,10.109999656677246,3449300
2021-08-02,10.289999961853027,10.645000457763672,9.979999542236328,10.34000015258789,989100
2021-08-03,10.449999809265137,10.460000038146973,10.069999694824219,10.359999656677246,657300
2021-08-04,10.399999618530273,10.425000190734863,10.109999656677246,10.34000015258789,1494700
2021-08-05,11.619999885559082,12.619999885559082,11.274999618530273,11.300000190734863,3819700
2021-08-06,12.010000228881836,12.654999732971191,11.289999961853027,11.430000305175781,2064200
2021-08-09,12.0,12.281999588012695,11.680000305175781,11.949999809265137,668100
2021-08-10,13.119999885559082,13.319000244140625,12.09000015258789,12.09000015258789,2105000
2021-08-11,13.109999656677246,13.359999656677246,12.789999961853027,13.079999923706055,865300
2021-08-12,13.0600004196167,13.149999618530273,12.649999618530273,13.149999618530273,665000
2021-08-13,12.739999771118164,13.14799976348877,12.65999984741211,13.140000343322754,672100
2021-08-16,12.510000228881836,12.770000457763672,12.369999885559082,12.619999885559082,483700
2021-08-17,12.779999732971191,12.90999984741211,12.229999542236328,12.420000076293945,699000
2021-08-18,13.069999694824219,13.5600004196167,12.663999557495117,12.670000076293945,1192000
2021-08-19,12.140000343322754,13.079999923706055,12.119999885559082,12.989999771118164,905200
2021-08-20,12.720000267028809,12.800000190734863,12.029999732971191,12.029999732971191,909900
2021-08-23,12.90999984741211,13.029999732971191,12.604999542236328,12.829999923706055,689600
2021-08-24,12.979999542236328,13.15999984741211,12.680000305175781,12.899999618530273,628100
2021-08-25,13.399999618530273,13.850000381469727,13.020000457763672,13.079999923706055,878400
2021-08-26,13.199999809265137,13.619999885559082,13.109999656677246,13.489999771118164,552200
2021-08-27,13.380000114440918,13.569999694824219,13.1899995803833,13.1899995803833,507000
2021-08-30,13.670000076293945,13.819999694824219,13.390000343322754,13.520000457763672,695100
2021-08-31,13.449999809265137,13.720000267028809,13.25,13.579999923706055,661500
2021-09-01,13.380000114440918,13.65999984741211,13.149999618530273,13.449999809265137,518900
2021-09-02,13.649999618530273,14.069999694824219,13.170000076293945,13.170000076293945,1140300
2021-09-03,13.5600004196167,13.699999809265137,13.420000076293945,13.619999885559082,520500
2021-09-07,13.399999618530273,14.029999732971191,13.350000381469727,13.470000267028809,675300
2021-09-08,13.1899995803833,13.569999694824219,13.109999656677246,13.265000343322754,435300
2021-09-09,12.949999809265137,13.229999542236328,12.890000343322754,13.100000381469727,597900
2021-09-10,12.699999809265137,12.979999542236328,12.515000343322754,12.949999809265137,902200
2021-09-13,12.5600004196167,12.84000015258789,12.489999771118164,12.84000015258789,639700
2021-09-14,12.130000114440918,12.649999618530273,12.100000381469727,12.609999656677246,771000
2021-09-15,12.210000038146973,12.350000381469727,11.90999984741211,12.149999618530273,566900
2021-09-16,12.380000114440918,12.5,11.979999542236328,12.119999885559082,575100
2021-09-17,12.359999656677246,12.630000114440918,12.3100004196167,12.520000457763672,1235700
2021-09-20,12.079999923706055,12.329999923706055,11.895000457763672,12.0,811200
2021-09-21,12.180000305175781,12.34000015258789,12.020999908447266,12.100000381469727,613900
2021-09-22,12.390000343322754,12.520000457763672,12.1899995803833,12.1899995803833,552600
2021-09-23,12.300000190734863,12.630000114440918,12.234999656677246,12.5,500700
2021-09-24,12.329999923706055,12.5,12.142000198364258,12.289999961853027,446500
2021-09-27,12.220000267028809,12.4399995803833,12.1899995803833,12.350000381469727,375200
2021-09-28,16.81999969482422,17.75,13.850000381469727,13.90999984741211,44198000
2021-09-29,16.780000686645508,17.520000457763672,15.930000305175781,16.690000534057617,9043100
2021-09-30,17.299999237060547,18.75,16.8799991607666,17.389999389648438,11811700
2021-10-01,18.56999969482422,19.229999542236328,17.600000381469727,18.010000228881836,9911000
2021-10-04,16.829999923706055,18.540000915527344,16.65999984741211,18.5,2586700
2021-10-05,17.149999618530273,17.65999984741211,16.729999542236328,17.079999923706055,1706100
2021-10-06,14.979999542236328,16.094999313354492,14.840999603271484,16.040000915527344,3410500
2021-10-07,16.030000686645508,16.299999237060547,15.069999694824219,15.229999542236328,2055300
2021-10-08,15.539999961853027,16.18000030517578,15.520000457763672,16.06999969482422,972900
2021-10-11,15.8100004196167,16.170000076293945,15.479999542236328,15.510000228881836,602300
2021-10-12,16.219999313354492,16.549999237060547,15.789999961853027,15.8100004196167,820300
2021-10-13,16.739999771118164,16.940000534057617,16.110000610351562,16.229999542236328,1266700
2021-10-14,16.360000610351562,17.43000030517578,15.784000396728516,16.8799991607666,4286800
2021-10-15,16.200000762939453,17.069000244140625,16.200000762939453,16.459999084472656,1181200
2021-10-18,16.530000686645508,16.729999542236328,16.200000762939453,16.200000762939453,682400
2021-10-19,16.700000762939453,17.020000457763672,16.40999984741211,16.670000076293945,681100
2021-10-20,17.1200008392334,17.280000686645508,16.739999771118164,16.790000915527344,808000
2021-10-21,17.030000686645508,17.4950008392334,16.950000762939453,17.0,490200
2021-10-22,17.100000381469727,17.34000015258789,16.7549991607666,17.040000915527344,493300
2021-10-25,16.729999542236328,17.139999389648438,16.56999969482422,17.139999389648438,469400
2021-10-26,16.6200008392334,16.989999771118164,16.479999542236328,16.709999084472656,435900
2021-10-27,16.030000686645508,16.6200008392334,15.954999923706055,16.5,442100
2021-10-28,16.579999923706055,16.6299991607666,15.890000343322754,16.0,451900
2021-10-29,16.260000228881836,16.790000915527344,15.859999656677246,16.610000610351562,927700
2021-11-01,16.3700008392334,16.719999313354492,16.160999298095703,16.260000228881836,695000
2021-11-02,16.450000762939453,17.34000015258789,15.930000305175781,16.479999542236328,920100
2021-11-03,16.56999969482422,16.889999389648438,16.170000076293945,16.520000457763672,1768100
2021-11-04,17.469999313354492,19.489999771118164,16.790000915527344,17.770000457763672,3915300
2021-11-05,15.520000457763672,17.670000076293945,15.369999885559082,17.299999237060547,1480500
2021-11-08,15.3100004196167,15.829999923706055,15.25,15.619999885559082,943400
2021-11-09,15.399999618530273,15.800000190734863,15.029999732971191,15.260000228881836,942300
2021-11-10,15.079999923706055,15.579999923706055,14.869999885559082,15.319999694824219,693500
2021-11-11,15.029999732971191,15.378999710083008,14.949999809265137,15.010000228881836,671200
2021-11-12,15.65999984741211,15.715999603271484,15.039999961853027,15.180000305175781,839600
2021-11-15,15.1899995803833,15.800000190734863,15.086999893188477,15.789999961853027,706500
2021-11-16,14.600000381469727,15.460000038146973,14.59000015258789,15.149999618530273,1131200
2021-11-17,14.270000457763672,14.614999771118164,14.140000343322754,14.369999885559082,885600
2021-11-18,14.039999961853027,14.420000076293945,13.84000015258789,14.350000381469727,829400
2021-11-19,13.779999732971191,14.270000457763672,13.5600004196167,14.149999618530273,1223700
2021-11-22,13.829999923706055,14.255000114440918,13.550000190734863,13.819999694824219,859200
2021-11-23,13.380000114440918,14.050000190734863,13.229999542236328,13.9399995803833,831100
2021-11-24,13.270000457763672,13.84000015258789,13.069999694824219,13.359999656677246,930800
2021-11-26,13.020000457763672,13.15999984741211,12.600000381469727,12.819999694824219,600000
2021-11-29,13.25,13.4350004196167,13.0,13.100000381469727,784900
2021-11-30,12.819999694824219,13.220000267028809,12.699999809265137,13.130000114440918,1069700
2021-12-01,12.289999961853027,13.140000343322754,12.270000457763672,13.020000457763672,607300
2021-12-02,12.869999885559082,12.899999618530273,12.08899974822998,12.140000343322754,826200
2021-12-03,12.699999809265137,12.835000038146973,12.460000038146973,12.8100004196167,820700
2021-12-06,12.930000305175781,13.1899995803833,12.479999542236328,12.710000038146973,922600
2021-12-07,13.15999984741211,13.649999618530273,13.079999923706055,13.079999923706055,1577600
2021-12-08,13.479999542236328,13.510000228881836,13.0,13.25,543900
2021-12-09,13.489999771118164,13.550000190734863,13.279999732971191,13.289999961853027,869800
2021-12-10,13.180000305175781,13.739999771118164,13.15999984741211,13.529999732971191,447600
2021-12-13,12.850000381469727,13.220000267028809,12.579999923706055,13.09000015258789,712200
2021-12-14,12.930000305175781,13.08899974822998,12.710000038146973,12.920000076293945,629100
2021-12-15,13.300000190734863,13.329999923706055,12.850000381469727,12.880000114440918,760300
2021-12-16,13.100000381469727,13.510000228881836,13.09000015258789,13.359999656677246,688500
2021-12-17,13.489999771118164,13.664999961853027,12.84000015258789,13.0,779500
2021-12-20,13.40999984741211,13.470000267028809,13.029999732971191,13.40999984741211,536700
2021-12-21,14.039999961853027,14.170000076293945,13.475000381469727,13.569999694824219,624100
2021-12-22,13.949999809265137,14.050000190734863,13.789999961853027,14.0,469300
2021-12-23,13.84000015258789,14.0600004196167,13.729999542236328,14.0600004196167,431700
2021-12-27,13.829999923706055,13.949999809265137,13.649999618530273,13.9399995803833,356800
2021-12-28,13.819999694824219,14.109999656677246,13.65999984741211,13.779999732971191,531800
2021-12-29,13.760000228881836,13.9399995803833,13.65999984741211,13.739999771118164,384300
2021-12-30,13.649999618530273,13.960000038146973,13.635000228881836,13.729999542236328,576800
2021-12-31,13.529999732971191,13.824999809265137,13.449999809265137,13.600000381469727,484300
2022-01-03,13.470000267028809,13.864999771118164,13.300000190734863,13.550000190734863,503600
2022-01-04,13.380000114440918,13.600000381469727,13.109999656677246,13.569999694824219,548100
2022-01-05,13.079999923706055,13.609999656677246,13.010000228881836,13.289999961853027,692100
2022-01-06,13.420000076293945,13.789999961853027,13.050000190734863,13.109999656677246,730400
2022-01-07,13.529999732971191,13.850000381469727,13.369999885559082,13.380000114440918,427200
2022-01-10,13.1899995803833,13.380000114440918,12.710000038146973,13.34000015258789,879500
2022-01-11,13.59000015258789,13.640000343322754,13.119999885559082,13.15999984741211,422200
2022-01-12,13.329999923706055,13.880000114440918,13.270999908447266,13.579999923706055,452600
2022-01-13,13.079999923706055,13.460000038146973,12.960000038146973,13.390000343322754,862900
2022-01-14,13.079999923706055,13.149999618530273,12.859999656677246,12.9399995803833,460100
2022-01-18,12.65999984741211,13.039999961853027,12.630000114440918,12.960000038146973,429000
2022-01-19,12.630000114440918,12.699999809265137,12.319999694824219,12.699999809265137,732300
2022-01-20,12.579999923706055,13.0,12.529999732971191,12.609999656677246,528400
2022-01-21,12.119999885559082,12.734000205993652,12.069999694824219,12.4399995803833,572400
2022-01-24,12.350000381469727,12.369999885559082,11.729999542236328,11.989999771118164,1057500
2022-01-25,12.649999618530273,12.819999694824219,12.229999542236328,12.329999923706055,519800
2022-01-26,12.649999618530273,13.050000190734863,12.550000190734863,12.699999809265137,937100
2022-01-27,12.420000076293945,12.895000457763672,12.369999885559082,12.699999809265137,650600
2022-01-28,12.9399995803833,12.9399995803833,12.21500015258789,12.329999923706055,647000
2022-01-31,12.449999809265137,12.954999923706055,12.34000015258789,12.800000190734863,1060200
2022-02-01,12.800000190734863,13.170000076293945,12.470000267028809,12.5,689900
2022-02-02,12.470000267028809,12.9399995803833,12.359999656677246,12.770000457763672,426800
2022-02-03,12.4399995803833,12.65999984741211,12.369999885559082,12.4399995803833,599800
2022-02-04,12.600000381469727,12.760000228881836,12.300000190734863,12.329999923706055,719100
2022-02-07,12.880000114440918,12.970000267028809,12.470000267028809,12.569999694824219,387100
2022-02-08,13.289999961853027,13.335000038146973,12.710000038146973,12.880000114440918,437100
2022-02-09,13.460000038146973,14.0600004196167,13.359999656677246,13.359999656677246,568400
2022-02-10,13.09000015258789,13.479999542236328,13.020000457763672,13.180000305175781,355200
2022-02-11,12.84000015258789,13.380000114440918,12.8100004196167,13.109999656677246,356500
2022-02-14,12.890000343322754,13.100000381469727,12.75,12.880000114440918,355600
2022-02-15,13.289999961853027,13.390000343322754,12.949999809265137,12.949999809265137,361200
2022-02-16,13.079999923706055,13.289999961853027,12.970000267028809,13.260000228881836,395200
2022-02-17,13.130000114440918,13.359999656677246,12.880000114440918,13.25,462900
2022-02-18,12.960000038146973,13.170000076293945,12.8100004196167,13.050000190734863,513000
2022-02-22,12.770000457763672,12.96500015258789,12.670000076293945,12.819999694824219,799900
2022-02-23,12.890000343322754,13.020000457763672,12.699999809265137,12.84000015258789,547000
2022-02-24,13.430000305175781,13.59000015258789,12.430000305175781,12.600000381469727,724000
2022-02-25,14.079999923706055,14.164999961853027,13.289999961853027,13.479999542236328,615000
2022-02-28,14.239999771118164,14.260000228881836,13.649999618530273,13.9399995803833,908200
2022-03-01,13.25,14.180000305175781,13.130000114440918,14.140000343322754,701700
2022-03-02,13.65999984741211,13.75,13.300000190734863,13.399999618530273,619700
2022-03-03,16.170000076293945,16.59000015258789,14.699999809265137,15.0,3850600
2022-03-04,16.389999389648438,16.90999984741211,16.190000534057617,16.190000534057617,1486500
2022-03-07,16.15999984741211,16.90999984741211,16.059999465942383,16.31999969482422,1306400
2022-03-08,15.989999771118164,16.3700008392334,15.640000343322754,16.209999084472656,948600
2022-03-09,16.549999237060547,16.559999465942383,15.920000076293945,16.06999969482422,923500
2022-03-10,17.170000076293945,17.25,16.290000915527344,16.510000228881836,1678100
2022-03-11,17.040000915527344,17.639999389648438,16.809999465942383,17.020000457763672,1057900
2022-03-14,16.8799991607666,17.209999084472656,16.760000228881836,17.040000915527344,1183900
2022-03-15,17.010000228881836,17.219999313354492,16.854999542236328,16.920000076293945,626500
2022-03-16,17.329999923706055,17.530000686645508,16.979999542236328,17.049999237060547,1256100
2022-03-17,17.729999542236328,17.989999771118164,17.34000015258789,17.350000381469727,1394800
2022-03-18,17.84000015258789,17.950000762939453,17.31999969482422,17.700000762939453,1307900
2022-03-21,17.670000076293945,17.959999084472656,17.565000534057617,17.920000076293945,477600
2022-03-22,18.139999389648438,18.21500015258789,17.670000076293945,17.68000030517578,1139900
2022-03-23,18.450000762939453,18.6200008392334,17.959999084472656,18.149999618530273,1197100
2022-03-24,18.90999984741211,19.030000686645508,18.59000015258789,18.739999771118164,907800
2022-03-25,19.18000030517578,19.420000076293945,18.90999984741211,18.989999771118164,1139600
2022-03-28,19.350000381469727,19.3700008392334,18.729999542236328,19.139999389648438,802400
2022-03-29,19.56999969482422,19.704999923706055,19.229999542236328,19.239999771118164,1226900
2022-03-30,19.559999465942383,19.81999969482422,19.389999389648438,19.729999542236328,821700
2022-03-31,19.059999465942383,19.700000762939453,18.954999923706055,19.459999084472656,1573800
2022-04-01,19.0,19.440000534057617,18.905000686645508,19.200000762939453,689700
2022-04-04,19.780000686645508,19.790000915527344,18.959999084472656,18.989999771118164,926300
2022-04-05,19.190000534057617,19.979999542236328,19.170000076293945,19.739999771118164,923900
2022-04-06,20.649999618530273,22.270000457763672,20.200000762939453,21.066999435424805,11521300
2022-04-07,19.079999923706055,20.628999710083008,17.60300064086914,20.6200008392334,22646100
2022-04-08,19.969999313354492,20.43000030517578,18.809999465942383,18.889999389648438,2253200
2022-04-11,20.90999984741211,21.450000762939453,19.559999465942383,19.850000381469727,1800900
2022-04-12,23.020000457763672,23.655000686645508,21.010000228881836,21.010000228881836,4717300
2022-04-13,23.020000457763672,23.110000610351562,22.229999542236328,22.889999389648438,1481000
2022-04-14,23.280000686645508,23.690000534057617,22.649999618530273,23.420000076293945,1506700
2022-04-18,22.790000915527344,23.530000686645508,22.533000946044922,23.139999389648438,1015300
2022-04-19,22.420000076293945,22.959999084472656,22.420000076293945,22.459999084472656,898800
2022-04-20,21.59000015258789,22.540000915527344,21.540000915527344,22.540000915527344,1242100
2022-04-21,21.440000534057617,22.06999969482422,21.350000381469727,21.649999618530273,676100
2022-04-22,20.950000762939453,21.770000457763672,20.770000457763672,21.389999389648438,921800
2022-04-25,20.34000015258789,20.719999313354492,19.940000534057617,20.549999237060547,2481000
2022-04-26,19.079999923706055,20.3799991607666,19.079999923706055,20.25,1253900
2022-04-27,18.75,19.649999618530273,18.739999771118164,19.479999542236328,872100
2022-04-28,19.110000610351562,19.5,18.45199966430664,19.0,719400
2022-04-29,18.40999984741211,19.049999237060547,18.309999465942383,18.889999389648438,679500
2022-05-02,18.459999084472656,18.549999237060547,17.8799991607666,18.3799991607666,835500
2022-05-03,18.3700008392334,18.6200008392334,18.190000534057617,18.489999771118164,457800
2022-05-04,18.8799991607666,19.020000457763672,18.049999237060547,18.260000228881836,1138300
2022-05-05,18.100000381469727,19.309999465942383,17.3700008392334,19.309999465942383,1743900
2022-05-06,18.059999465942383,18.43000030517578,17.885000228881836,18.149999618530273,1218900
2022-05-09,17.600000381469727,18.1299991607666,17.3799991607666,17.815000534057617,1210900
2022-05-10,18.139999389648438,18.190000534057617,17.6200008392334,17.780000686645508,1538000
2022-05-11,17.6299991607666,18.450000762939453,17.559999465942383,18.190000534057617,780500
2022-05-12,17.8700008392334,17.8799991607666,17.190000534057617,17.709999084472656,1013000
2022-05-13,18.049999237060547,18.489999771118164,17.84000015258789,17.93000030517578,695800
2022-05-16,17.989999771118164,18.75,17.899999618530273,17.989999771118164,566800
2022-05-17,18.399999618530273,18.469999313354492,18.059999465942383,18.079999923706055,407700
2022-05-18,17.530000686645508,18.239999771118164,17.3700008392334,18.139999389648438,675600
2022-05-19,18.260000228881836,18.459999084472656,17.405000686645508,17.5,735000
2022-05-20,18.010000228881836,18.3700008392334,17.579999923706055,18.3700008392334,674500
2022-05-23,18.770000457763672,18.920000076293945,17.799999237060547,18.15999984741211,1062700
2022-05-24,18.979999542236328,19.09000015258789,18.424999237060547,18.75,830800
2022-05-25,18.8799991607666,18.969999313354492,18.170000076293945,18.770000457763672,587800
2022-05-26,20.030000686645508,20.190000534057617,19.020000457763672,19.030000686645508,1268200
2022-05-27,20.979999542236328,21.031999588012695,19.889999389648438,19.899999618530273,1147400
2022-05-31,20.260000228881836,20.959999084472656,20.06999969482422,20.920000076293945,890300
2022-06-01,20.020000457763672,20.81999969482422,19.3799991607666,20.290000915527344,719000
2022-06-02,20.190000534057617,20.329999923706055,19.93000030517578,20.020000457763672,531500
2022-06-03,20.040000915527344,20.079999923706055,19.489999771118164,20.010000228881836,498700
2022-06-06,20.649999618530273,21.264999389648438,20.049999237060547,20.399999618530273,960500
2022-06-07,20.829999923706055,21.139999389648438,20.3799991607666,20.469999313354492,640400
2022-06-08,19.8700008392334,21.780000686645508,19.780000686645508,20.920000076293945,856800
2022-06-09,19.260000228881836,19.72800064086914,19.1299991607666,19.670000076293945,641200
2022-06-10,19.100000381469727,19.354999542236328,18.75,18.90999984741211,527100
2022-06-13,17.90999984741211,18.905000686645508,17.790000915527344,18.68000030517578,957800
2022-06-14,17.860000610351562,18.25,17.690000534057617,18.079999923706055,926000
2022-06-15,17.8799991607666,18.229999542236328,17.530000686645508,18.010000228881836,1082200
2022-06-16,16.149999618530273,17.670000076293945,16.09000015258789,17.440000534057617,1287500
2022-06-17,16.329999923706055,16.6200008392334,16.15999984741211,16.299999237060547,1249200
2022-06-21,16.6200008392334,16.799999237060547,16.270000457763672,16.540000915527344,946200
2022-06-22,16.479999542236328,16.790000915527344,16.010000228881836,16.239999771118164,809000
2022-06-23,16.399999618530273,16.649999618530273,16.209999084472656,16.5,713500
2022-06-24,16.530000686645508,16.639999389648438,16.190000534057617,16.579999923706055,2282300
2022-06-27,16.780000686645508,17.200000762939453,16.389999389648438,16.719999313354492,698000
2022-06-28,16.459999084472656,17.135000228881836,16.290000915527344,16.829999923706055,470100
2022-06-29,16.290000915527344,16.5,16.09000015258789,16.450000762939453,487700
2022-06-30,16.190000534057617,16.360000610351562,15.949999809265137,16.059999465942383,663500
2022-07-01,15.670000076293945,16.299999237060547,15.524999618530273,16.200000762939453,853000
2022-07-05,15.5600004196167,15.579999923706055,14.9399995803833,15.3100004196167,729300
2022-07-06,15.350000381469727,15.770000457763672,15.079999923706055,15.680000305175781,519800
2022-07-07,15.59000015258789,15.779999732971191,15.439000129699707,15.539999961853027,466900
2022-07-08,15.819999694824219,15.835000038146973,15.229999542236328,15.630000114440918,496200
2022-07-11,15.359999656677246,15.819999694824219,15.255000114440918,15.789999961853027,511400
2022-07-12,15.359999656677246,15.550000190734863,15.170000076293945,15.289999961853027,375600
2022-07-13,15.050000190734863,15.25,14.949999809265137,15.119999885559082,557700
2022-07-14,14.920000076293945,14.970000267028809,14.5600004196167,14.760000228881836,642700
2022-07-15,15.029999732971191,15.350000381469727,14.670000076293945,15.350000381469727,568000
2022-07-18,15.130000114440918,15.635000228881836,15.079999923706055,15.09000015258789,603800
2022-07-19,15.4399995803833,15.640000343322754,15.289999961853027,15.359999656677246,526100
2022-07-20,15.5600004196167,15.609999656677246,15.279999732971191,15.3100004196167,492100
2022-07-21,15.220000267028809,15.430000305175781,15.1899995803833,15.430000305175781,612300
2022-07-22,15.279999732971191,15.489999771118164,15.119999885559082,15.1899995803833,541600
2022-07-25,16.610000610351562,16.6200008392334,15.350000381469727,15.350000381469727,684300
2022-07-26,16.389999389648438,16.6200008392334,16.25,16.450000762939453,566500
2022-07-27,16.979999542236328,17.024999618530273,16.389999389648438,16.420000076293945,427100
2022-07-28,17.260000228881836,17.299999237060547,16.735000610351562,16.989999771118164,455700
2022-07-29,17.360000610351562,17.469999313354492,17.1200008392334,17.200000762939453,378300
2022-08-01,17.520000457763672,17.549999237060547,17.1200008392334,17.18000030517578,455300
2022-08-02,17.829999923706055,17.860000610351562,17.450000762939453,17.59000015258789,367400
2022-08-03,18.270000457763672,18.299999237060547,17.360000610351562,17.649999618530273,384400
2022-08-04,18.280000686645508,18.46500015258789,18.030000686645508,18.219999313354492,556200
2022-08-05,17.510000228881836,19.290000915527344,16.989999771118164,18.200000762939453,838300
2022-08-08,15.880000114440918,17.649999618530273,15.505000114440918,17.579999923706055,1623800
2022-08-09,16.190000534057617,16.485000610351562,15.75,15.800000190734863,748700
2022-08-10,16.709999084472656,16.809999465942383,16.049999237060547,16.270000457763672,741600
2022-08-11,16.600000381469727,16.899999618530273,16.420000076293945,16.75,700900
2022-08-12,17.06999969482422,17.299999237060547,16.475000381469727,16.65999984741211,528400
2022-08-15,17.290000915527344,17.309999465942383,16.56999969482422,16.8700008392334,408300
2022-08-16,17.219999313354492,17.424999237060547,17.09000015258789,17.18000030517578,373700
2022-08-17,17.299999237060547,17.469999313354492,16.860000610351562,17.010000228881836,426100
2022-08-18,17.139999389648438,17.350000381469727,17.1299991607666,17.299999237060547,296500
2022-08-19,16.93000030517578,17.040000915527344,16.780000686645508,16.969999313354492,283300
2022-08-22,16.579999923706055,16.770000457763672,16.489999771118164,16.709999084472656,331300
2022-08-23,16.489999771118164,16.780000686645508,16.31999969482422,16.780000686645508,388600
2022-08-24,16.65999984741211,16.700000762939453,16.389999389648438,16.440000534057617,335300
2022-08-25,16.56999969482422,16.940000534057617,16.440000534057617,16.729999542236328,337100
2022-08-26,16.299999237060547,16.690000534057617,16.290000915527344,16.649999618530273,454500
2022-08-29,16.18000030517578,16.405000686645508,15.949999809265137,16.15999984741211,371200
2022-08-30,15.399999618530273,16.18000030517578,15.399999618530273,16.18000030517578,513800
2022-08-31,14.859999656677246,15.479999542236328,14.850000381469727,15.399999618530273,641100
2022-09-01,14.170000076293945,14.795000076293945,13.90999984741211,14.75,818400
2022-09-02,14.020000457763672,14.329999923706055,13.899999618530273,14.300000190734863,583300
2022-09-06,13.829999923706055,14.0600004196167,13.609999656677246,14.0600004196167,796500
2022-09-07,13.279999732971191,13.875,13.095000267028809,13.84000015258789,813700
2022-09-08,13.390000343322754,13.40999984741211,13.15999984741211,13.350000381469727,618600
2022-09-09,13.710000038146973,13.800000190734863,13.399999618530273,13.489999771118164,437800
2022-09-12,13.579999923706055,13.880000114440918,13.550000190734863,13.770000457763672,2024300
2022-09-13,12.989999771118164,13.5,12.970000267028809,13.34000015258789,1006500
2022-09-14,12.949999809265137,13.140000343322754,12.770000457763672,13.020000457763672,2351000
2022-09-15,12.229999542236328,13.039999961853027,12.199999809265137,12.880000114440918,2603400
2022-09-16,13.319999694824219,13.414999961853027,12.420000076293945,12.479999542236328,4690600
2022-09-19,13.609999656677246,13.899999618530273,13.180000305175781,13.229999542236328,1248300
2022-09-20,13.020000457763672,13.529999732971191,12.890000343322754,13.489999771118164,1143300
2022-09-21,12.600000381469727,13.180000305175781,12.600000381469727,13.149999618530273,582100
2022-09-22,12.229999542236328,12.670000076293945,12.1899995803833,12.600000381469727,556700
2022-09-23,11.930000305175781,12.270000457763672,11.789999961853027,12.0,588700
2022-09-26,11.6899995803833,12.109999656677246,11.670000076293945,11.850000381469727,999800
2022-09-27,11.890000343322754,12.045000076293945,11.729999542236328,12.029999732971191,663100
2022-09-28,12.279999732971191,12.300000190734863,11.569999694824219,11.869999885559082,858400
2022-09-29,12.020000457763672,12.109999656677246,11.699999809265137,12.09000015258789,494400
2022-09-30,12.119999885559082,12.1899995803833,11.829999923706055,11.979999542236328,1658400
2022-10-03,12.5600004196167,12.729999542236328,12.045000076293945,12.300000190734863,1009400
2022-10-04,12.829999923706055,12.930000305175781,12.609999656677246,12.6899995803833,1070000
2022-10-05,12.899999618530273,12.899999618530273,12.491999626159668,12.5600004196167,712400
2022-10-06,12.899999618530273,12.935999870300293,12.706000328063965,12.770000457763672,631000
2022-10-07,12.710000038146973,12.970000267028809,12.5649995803833,12.819999694824219,1735900
2022-10-10,12.539999961853027,12.930000305175781,12.505000114440918,12.75,560700
2022-10-11,11.989999771118164,12.569999694824219,11.864999771118164,12.449999809265137,801900
2022-10-12,11.8100004196167,11.979999542236328,11.699999809265137,11.920000076293945,665900
2022-10-13,12.199999809265137,12.229999542236328,11.585000038146973,11.619999885559082,524300
2022-10-14,11.819999694824219,12.359999656677246,11.8100004196167,12.289999961853027,613400
2022-10-17,12.350000381469727,12.390000343322754,12.130000114440918,12.140000343322754,573600
2022-10-18,12.550000190734863,12.770000457763672,12.329999923706055,12.550000190734863,507300
2022-10-19,12.579999923706055,12.989999771118164,12.300000190734863,12.579999923706055,692100
2022-10-20,12.779999732971191,12.829999923706055,12.539999961853027,12.5600004196167,531900
2022-10-21,13.569999694824219,13.619000434875488,12.680000305175781,12.859999656677246,793400
2022-10-24,14.079999923706055,14.175000190734863,13.579999923706055,13.579999923706055,789500
2022-10-25,13.8100004196167,14.170000076293945,13.720000267028809,14.029999732971191,791700
2022-10-26,13.75,14.170000076293945,13.729999542236328,13.800000190734863,567000
2022-10-27,13.880000114440918,14.180000305175781,13.829999923706055,13.829999923706055,465400
2022-10-28,13.9399995803833,14.079999923706055,13.744999885559082,13.960000038146973,657500
2022-10-31,14.220000267028809,14.270000457763672,13.739999771118164,13.800000190734863,827700
2022-11-01,15.109999656677246,15.550000190734863,14.859999656677246,15.029999732971191,726900
2022-11-02,14.789999961853027,15.1899995803833,14.550000190734863,14.989999771118164,1106600
2022-11-03,15.0,15.300000190734863,14.010000228881836,14.579999923706055,646300
2022-11-04,14.850000381469727,14.989999771118164,14.015000343322754,14.960000038146973,704700
2022-11-07,14.949999809265137,15.050000190734863,14.699999809265137,14.819999694824219,549300
2022-11-08,14.989999771118164,15.329999923706055,14.694999694824219,15.0,711100
2022-11-09,14.760000228881836,14.930000305175781,14.529999732971191,14.850000381469727,505300
2022-11-10,15.3100004196167,15.479999542236328,14.890999794006348,15.229999542236328,665100
2022-11-11,15.149999618530273,15.34000015258789,14.520000457763672,15.220000267028809,709800
2022-11-14,14.880000114440918,15.279999732971191,14.850000381469727,15.100000381469727,504300
2022-11-15,15.5600004196167,15.819999694824219,14.90999984741211,15.0,1273100
2022-11-16,15.380000114440918,15.59000015258789,15.15999984741211,15.59000015258789,378800
2022-11-17,15.170000076293945,15.319999694824219,15.010000228881836,15.170000076293945,409400
2022-11-18,14.920000076293945,15.399999618530273,14.760000228881836,15.399999618530273,495600
2022-11-21,15.149999618530273,15.170000076293945,14.84000015258789,14.880000114440918,839500
2022-11-22,15.199999809265137,15.260000228881836,15.0,15.170000076293945,561600
2022-11-23,15.859999656677246,15.920000076293945,15.1899995803833,15.199999809265137,879700
2022-11-25,15.850000381469727,15.899999618530273,15.65999984741211,15.800000190734863,342100
2022-11-28,15.420000076293945,15.859999656677246,15.380000114440918,15.850000381469727,733900
2022-11-29,15.3100004196167,15.595000267028809,15.175000190734863,15.380000114440918,984700
2022-11-30,15.6899995803833,15.75,15.119999885559082,15.229999542236328,1518900
2022-12-01,15.770000457763672,16.110000610351562,15.760000228881836,15.8100004196167,965900
2022-12-02,15.869999885559082,15.930000305175781,15.25,15.579999923706055,636500
2022-12-05,15.729999542236328,15.90999984741211,15.640000343322754,15.890000343322754,951800
2022-12-06,15.760000228881836,15.779999732971191,15.40999984741211,15.670000076293945,665100
2022-12-07,15.5,15.899999618530273,15.479999542236328,15.770000457763672,1172600
2022-12-08,15.6899995803833,15.789999961853027,15.449999809265137,15.625,1301200
2022-12-09,15.529999732971191,15.729999542236328,15.520000457763672,15.699999809265137,939600
2022-12-12,15.319999694824219,15.699999809265137,15.289999961853027,15.520000457763672,501900
2022-12-13,15.699999809265137,15.979999542236328,15.460000038146973,15.75,678100
2022-12-14,15.579999923706055,15.800000190734863,15.369999885559082,15.609999656677246,558200
2022-12-15,15.279999732971191,15.569999694824219,15.125,15.430000305175781,889000
2022-12-16,15.09000015258789,15.180000305175781,14.899999618530273,15.09000015258789,1239700
2022-12-19,14.670000076293945,15.1899995803833,14.640000343322754,15.079999923706055,452700
2022-12-20,14.869999885559082,15.25,14.460000038146973,14.640000343322754,1259900
2022-12-21,14.800000190734863,15.140000343322754,14.729999542236328,14.970000267028809,733700
2022-12-22,13.84000015258789,14.770000457763672,13.744999885559082,14.770000457763672,1388400
2022-12-23,14.850000381469727,14.859999656677246,13.800000190734863,13.819999694824219,770300
2022-12-27,14.520000457763672,14.899999618530273,14.5,14.890000343322754,459000
2022-12-28,14.34000015258789,14.640000343322754,14.3100004196167,14.5,433200
2022-12-29,15.239999771118164,15.244999885559082,14.390000343322754,14.479999542236328,761600
2022-12-30,14.760000228881836,15.289999961853027,14.670000076293945,15.079999923706055,636600
2023-01-03,14.859999656677246,15.024999618530273,14.604999542236328,14.9399995803833,673100
2023-01-04,14.789999961853027,15.010000228881836,14.680000305175781,14.890000343322754,645800
2023-01-05,14.899999618530273,15.149999618530273,14.510000228881836,14.850000381469727,866700
2023-01-06,15.869999885559082,15.899999618530273,14.994999885559082,15.010000228881836,673300
2023-01-09,15.569999694824219,16.15999984741211,15.484999656677246,15.920000076293945,563800
2023-01-10,15.729999542236328,15.734999656677246,15.239999771118164,15.479999542236328,318200
2023-01-11,16.040000915527344,16.06999969482422,15.819999694824219,15.819999694824219,392000
2023-01-12,16.170000076293945,16.3799991607666,15.859999656677246,16.100000381469727,775100
2023-01-13,16.149999618530273,16.25,15.819999694824219,15.920000076293945,326100
2023-01-17,15.760000228881836,16.229999542236328,15.75,16.110000610351562,303000
2023-01-18,15.670000076293945,15.956999778747559,15.520000457763672,15.699999809265137,265900
2023-01-19,15.390000343322754,15.75,15.0649995803833,15.609999656677246,626900
2023-01-20,15.699999809265137,15.739999771118164,15.069999694824219,15.5,591400
2023-01-23,16.1299991607666,16.235000610351562,15.699999809265137,15.779999732971191,624600
2023-01-24,16.299999237060547,16.4950008392334,16.010000228881836,16.079999923706055,478700
2023-01-25,16.6299991607666,16.690000534057617,16.09000015258789,16.309999465942383,642000
2023-01-26,16.639999389648438,16.920000076293945,16.170000076293945,16.700000762939453,490000
2023-01-27,16.610000610351562,16.809999465942383,16.3700008392334,16.670000076293945,319100
2023-01-30,16.299999237060547,16.56999969482422,16.239999771118164,16.469999313354492,244600
2023-01-31,16.770000457763672,16.78499984741211,16.385000228881836,16.40999984741211,478800
2023-02-01,17.030000686645508,17.139999389648438,16.547000885009766,16.729999542236328,647400
2023-02-02,17.399999618530273,17.459999084472656,16.969999313354492,17.1299991607666,788400
2023-02-03,16.65999984741211,17.200000762939453,16.59000015258789,17.200000762939453,952100
2023-02-06,16.829999923706055,16.84000015258789,16.280000686645508,16.6200008392334,996600
2023-02-07,16.450000762939453,16.739999771118164,16.1299991607666,16.59000015258789,901100
2023-02-08,15.90999984741211,16.475000381469727,15.890000343322754,16.389999389648438,646300
2023-02-09,15.699999809265137,16.1200008392334,15.670000076293945,16.010000228881836,922600
2023-02-10,15.779999732971191,15.869999885559082,15.5,15.579999923706055,726100
2023-02-13,15.789999961853027,15.949999809265137,15.6899995803833,15.84000015258789,637400
2023-02-14,16.1299991607666,16.31999969482422,15.640000343322754,15.649999618530273,637200
2023-02-15,16.350000381469727,16.59000015258789,15.869999885559082,15.920000076293945,1417500
2023-02-16,16.010000228881836,16.299999237060547,15.949999809265137,16.06999969482422,797700
2023-02-17,16.15999984741211,16.260000228881836,15.65999984741211,16.09000015258789,1775100
2023-02-21,15.470000267028809,16.020000457763672,15.46500015258789,16.020000457763672,1055600
2023-02-22,15.329999923706055,15.729999542236328,15.329999923706055,15.449999809265137,1018400
2023-02-23,15.220000267028809,15.473999977111816,15.0,15.369999885559082,610900
2023-02-24,14.5,15.020000457763672,14.489999771118164,15.0,812800
2023-02-27,14.390000343322754,14.600000381469727,14.1850004196167,14.600000381469727,987000
2023-02-28,16.459999084472656,16.81999969482422,14.279999732971191,14.5,1542200
2023-03-01,16.1200008392334,16.510000228881836,15.8100004196167,16.479999542236328,728800
2023-03-02,15.989999771118164,16.1299991607666,15.819999694824219,15.989999771118164,623100
2023-03-03,16.530000686645508,16.610000610351562,15.960000038146973,16.100000381469727,628200
2023-03-06,15.949999809265137,16.579999923706055,15.880000114440918,16.459999084472656,511000
2023-03-07,15.819999694824219,16.219999313354492,15.729999542236328,15.949999809265137,400400
2023-03-08,15.8100004196167,15.890000343322754,15.614999771118164,15.760000228881836,364100
2023-03-09,15.5600004196167,15.9350004196167,15.550000190734863,15.899999618530273,531000
2023-03-10,15.329999923706055,15.722000122070312,15.149999618530273,15.529999732971191,435400
2023-03-13,15.170000076293945,15.390000343322754,14.859999656677246,15.039999961853027,465500
2023-03-14,15.600000381469727,15.845000267028809,15.420000076293945,15.520000457763672,542800
2023-03-15,15.029999732971191,15.369999885559082,14.84000015258789,15.329999923706055,568600
2023-03-16,14.850000381469727,15.024999618530273,14.680000305175781,14.770000457763672,337000
2023-03-17,14.520000457763672,14.845000267028809,14.329999923706055,14.739999771118164,963000
2023-03-20,14.75,15.029999732971191,14.640000343322754,14.670000076293945,440800
2023-03-21,15.119999885559082,15.239999771118164,14.9350004196167,14.960000038146973,524400
2023-03-22,14.520000457763672,15.140000343322754,14.510000228881836,15.119999885559082,368700
2023-03-23,14.180000305175781,14.739999771118164,14.029999732971191,14.510000228881836,297800
2023-03-24,13.979999542236328,14.359999656677246,13.8100004196167,14.359999656677246,311200
2023-03-27,14.020000457763672,14.170000076293945,13.930000305175781,14.069999694824219,315400
2023-03-28,13.90999984741211,14.109999656677246,13.829999923706055,13.960000038146973,329500
2023-03-29,13.979999542236328,14.229999542236328,13.880000114440918,14.0600004196167,374100
2023-03-30,14.050000190734863,14.413999557495117,13.9399995803833,14.0600004196167,335900
2023-03-31,14.5,14.645000457763672,14.1899995803833,14.1899995803833,700200
2023-04-03,14.470000267028809,14.687000274658203,14.255000114440918,14.5,378200
2023-04-04,14.319999694824219,14.449999809265137,13.930000305175781,14.449999809265137,356800
2023-04-05,14.229999542236328,14.319999694824219,14.119999885559082,14.239999771118164,305900
2023-04-06,14.479999542236328,14.550000190734863,14.109999656677246,14.270000457763672,319600
2023-04-10,14.390000343322754,14.619999885559082,14.319999694824219,14.399999618530273,431300
2023-04-11,14.390000343322754,14.649999618530273,14.369999885559082,14.430000305175781,231900
2023-04-12,14.029999732971191,14.569999694824219,14.0,14.470000267028809,218400
2023-04-13,14.180000305175781,14.279999732971191,13.979999542236328,14.069999694824219,246300
2023-04-14,14.210000038146973,14.220000267028809,14.043000221252441,14.220000267028809,271600
2023-04-17,14.3100004196167,14.354999542236328,14.15999984741211,14.289999961853027,271300
2023-04-18,13.829999923706055,14.399999618530273,13.710000038146973,14.399999618530273,301800
2023-04-19,14.005000114440918,14.029999732971191,13.6899995803833,13.819999694824219,328000
2023-04-20,13.869999885559082,14.055000305175781,13.699999809265137,13.8100004196167,389700
2023-04-21,13.949999809265137,14.079999923706055,13.760000228881836,13.850000381469727,289200
2023-04-24,13.699999809265137,13.989999771118164,13.6899995803833,13.9399995803833,290200
2023-04-25,13.380000114440918,13.630000114440918,13.359999656677246,13.630000114440918,384600
2023-04-26,13.180000305175781,13.4399995803833,13.09000015258789,13.369999885559082,494800
2023-04-27,13.09000015258789,13.3149995803833,12.66100025177002,13.239999771118164,794600
2023-04-28,13.40999984741211,13.430000305175781,13.039999961853027,13.039999961853027,428200
2023-05-01,13.520000457763672,13.6899995803833,13.239999771118164,13.289999961853027,371700
2023-05-02,13.140000343322754,13.5,13.010000228881836,13.5,552700
2023-05-03,12.600000381469727,13.390000343322754,12.5600004196167,12.5600004196167,753700
2023-05-04,12.510000228881836,12.600000381469727,12.1899995803833,12.479999542236328,575200
2023-05-05,12.649999618530273,12.789999961853027,12.3100004196167,12.75,659700
2023-05-08,12.260000228881836,12.704999923706055,12.116999626159668,12.630000114440918,643800
2023-05-09,12.239999771118164,12.279999732971191,11.979999542236328,12.210000038146973,620800
2023-05-10,13.100000381469727,13.319999694824219,12.420000076293945,12.420000076293945,950600
2023-05-11,13.130000114440918,13.180000305175781,12.619999885559082,13.0,445700
2023-05-12,13.420000076293945,13.4399995803833,12.970000267028809,13.140000343322754,467200
2023-05-15,13.90999984741211,13.960000038146973,13.234999656677246,13.430000305175781,582200
2023-05-16,13.859999656677246,13.899999618530273,13.515000343322754,13.789999961853027,382100
2023-05-17,14.0,14.069999694824219,13.739999771118164,13.9399995803833,473400
2023-05-18,14.274999618530273,14.289999961853027,13.890000343322754,13.989999771118164,475900
2023-05-19,14.260000228881836,14.5600004196167,14.15999984741211,14.390000343322754,486200
2023-05-22,14.789999961853027,14.8100004196167,14.300000190734863,14.34000015258789,435000
2023-05-23,14.609999656677246,15.039999961853027,14.401000022888184,14.789999961853027,651500
2023-05-24,14.380000114440918,14.640000343322754,14.3100004196167,14.579999923706055,421200
2023-05-25,14.550000190734863,14.720000267028809,14.220000267028809,14.34000015258789,438000
2023-05-26,14.960000038146973,15.024999618530273,14.300000190734863,14.5,497700
2023-05-30,15.069999694824219,15.319999694824219,14.9399995803833,15.0,567300
2023-05-31,15.050000190734863,15.255000114440918,14.850000381469727,15.069999694824219,664800
2023-06-01,15.359999656677246,15.430000305175781,15.050000190734863,15.140000343322754,676400
2023-06-02,15.699999809265137,15.744999885559082,15.3100004196167,15.430000305175781,579500
2023-06-05,15.619999885559082,15.739999771118164,15.220000267028809,15.579999923706055,557800
2023-06-06,15.859999656677246,15.920000076293945,15.279999732971191,15.5,404400
2023-06-07,16.350000381469727,16.43000030517578,15.130000114440918,15.989999771118164,664600
2023-06-08,16.610000610351562,16.635000228881836,16.246000289916992,16.350000381469727,447900
2023-06-09,17.079999923706055,17.100000381469727,16.6200008392334,16.700000762939453,717400
2023-06-12,17.010000228881836,17.219999313354492,16.739999771118164,16.895000457763672,829200
2023-06-13,16.950000762939453,17.219999313354492,16.735000610351562,17.040000915527344,588600
2023-06-14,16.709999084472656,17.0,16.655000686645508,17.0,411200
2023-06-15,16.969999313354492,17.049999237060547,16.649999618530273,16.709999084472656,311400
2023-06-16,16.639999389648438,16.969999313354492,16.559999465942383,16.969999313354492,846700
2023-06-20,16.860000610351562,16.93000030517578,16.520999908447266,16.600000381469727,357800
2023-06-21,17.309999465942383,17.40999984741211,16.7450008392334,16.81999969482422,488200
2023-06-22,17.209999084472656,17.420000076293945,16.790000915527344,17.200000762939453,423400
2023-06-23,16.59000015258789,17.25,16.530000686645508,17.030000686645508,2718200
2023-06-26,16.469999313354492,16.920000076293945,16.454999923706055,16.579999923706055,516900
2023-06-27,16.760000228881836,16.915000915527344,16.43000030517578,16.489999771118164,360000
2023-06-28,16.719999313354492,17.059999465942383,16.68000030517578,16.760000228881836,400900
2023-06-29,17.079999923706055,17.1299991607666,16.670000076293945,16.670000076293945,307800
2023-06-30,17.010000228881836,17.280000686645508,16.90999984741211,17.15999984741211,540300
2023-07-03,16.940000534057617,17.094999313354492,16.860000610351562,16.969999313354492,134000
2023-07-05,16.549999237060547,16.774999618530273,16.170000076293945,16.670000076293945,408900
2023-07-06,16.3700008392334,16.43000030517578,16.1200008392334,16.43000030517578,279400
2023-07-07,16.809999465942383,16.93000030517578,16.34000015258789,16.34000015258789,349600
2023-07-10,17.06999969482422,17.1299991607666,16.760000228881836,16.760000228881836,261300
2023-07-11,17.200000762939453,17.200000762939453,16.940000534057617,17.06999969482422,331400
2023-07-12,17.15999984741211,17.59000015258789,17.139999389648438,17.3700008392334,379400
2023-07-13,17.34000015258789,17.375,17.190000534057617,17.219999313354492,329100
2023-07-14,17.09000015258789,17.299999237060547,16.729999542236328,17.270000457763672,307500
2023-07-17,16.90999984741211,17.235000610351562,16.81999969482422,17.040000915527344,318800
2023-07-18,17.420000076293945,17.440000534057617,16.93000030517578,16.93000030517578,264400
2023-07-19,17.5,17.71500015258789,17.3799991607666,17.530000686645508,360400
2023-07-20,17.799999237060547,17.815000534057617,17.450000762939453,17.520000457763672,347800
2023-07-21,17.829999923706055,17.940000534057617,17.65999984741211,17.940000534057617,386500
2023-07-24,17.549999237060547,17.93000030517578,17.450000762939453,17.790000915527344,318900
2023-07-25,17.229999542236328,17.5,16.93000030517578,17.5,350600
2023-07-26,17.25,17.399999618530273,17.030000686645508,17.25,289200
2023-07-27,17.3799991607666,17.549999237060547,17.225000381469727,17.399999618530273,386500
2023-07-28,15.819999694824219,16.950000762939453,14.755000114440918,16.65999984741211,1598600
2023-07-31,15.069999694824219,16.040000915527344,14.970000267028809,15.614999771118164,814100
2023-08-01,14.979999542236328,15.100000381469727,14.71500015258789,15.020000457763672,535200
2023-08-02,15.010000228881836,15.149999618530273,14.75,14.75,332300
2023-08-03,15.039999961853027,15.09000015258789,14.899999618530273,14.920000076293945,281500
2023-08-04,15.380000114440918,15.800000190734863,15.100000381469727,15.100000381469727,580100
2023-08-07,12.5600004196167,13.5600004196167,12.100000381469727,13.119999885559082,4195200
2023-08-08,12.75,13.079999923706055,12.520000457763672,12.619999885559082,1705600
2023-08-09,12.770000457763672,12.883000373840332,12.420000076293945,12.8100004196167,1236800
2023-08-10,12.770000457763672,12.90999984741211,12.699999809265137,12.760000228881836,587000
2023-08-11,12.859999656677246,12.869999885559082,12.630999565124512,12.779999732971191,628300
2023-08-14,12.859999656677246,12.949999809265137,12.65999984741211,12.789999961853027,461400
2023-08-15,12.779999732971191,12.875,12.6899995803833,12.760000228881836,525900
2023-08-16,12.579999923706055,12.84000015258789,12.579999923706055,12.710000038146973,643300
2023-08-17,12.40999984741211,12.729999542236328,12.404999732971191,12.579999923706055,635200
2023-08-18,12.170000076293945,12.40999984741211,12.15999984741211,12.34000015258789,676100
2023-08-21,11.880000114440918,12.180000305175781,11.850000381469727,12.149999618530273,719800
2023-08-22,11.75,12.012999534606934,11.630000114440918,11.920000076293945,702800
2023-08-23,11.630000114440918,11.8100004196167,11.619999885559082,11.75,462700
2023-08-24,11.34000015258789,11.621000289916992,11.319999694824219,11.529999732971191,612000
2023-08-25,11.15999984741211,11.4399995803833,11.140000343322754,11.319999694824219,488500
2023-08-28,11.140000343322754,11.390000343322754,11.130000114440918,11.180000305175781,481500
2023-08-29,11.100000381469727,11.229999542236328,11.010000228881836,11.130000114440918,654200
2023-08-30,11.079999923706055,11.3100004196167,11.079999923706055,11.109999656677246,510400
2023-08-31,11.350000381469727,11.454999923706055,11.0600004196167,11.100000381469727,570100
2023-09-01,11.739999771118164,11.75,11.369999885559082,11.369999885559082,549900
2023-09-05,11.130000114440918,11.694999694824219,11.109999656677246,11.649999618530273,918000
2023-09-06,12.239999771118164,12.789999961853027,12.029999732971191,12.050000190734863,1238400
2023-09-07,11.859999656677246,12.270000457763672,11.8100004196167,12.1899995803833,718900
2023-09-08,11.90999984741211,12.010000228881836,11.8100004196167,11.9399995803833,478200
2023-09-11,11.880000114440918,11.970000267028809,11.770000457763672,11.970000267028809,476500
2023-09-12,11.710000038146973,12.0,11.630000114440918,11.630000114440918,831100
2023-09-13,11.850000381469727,12.149999618530273,11.5,11.699999809265137,731600
2023-09-14,12.470000267028809,12.520000457763672,11.869999885559082,11.899999618530273,617500
2023-09-15,12.270000457763672,12.604999542236328,12.140000343322754,12.470000267028809,2045300
2023-09-18,12.470000267028809,12.5600004196167,12.204999923706055,12.260000228881836,547700
2023-09-19,12.600000381469727,12.75,12.470000267028809,12.470000267028809,665800
2023-09-20,12.579999923706055,12.720000267028809,12.489999771118164,12.619999885559082,616800
2023-09-21,12.520000457763672,12.614999771118164,12.335000038146973,12.539999961853027,523800
2023-09-22,12.100000381469727,12.569999694824219,12.069999694824219,12.529999732971191,420600
2023-09-25,11.960000038146973,12.0,11.619999885559082,12.0,607700
2023-09-26,11.619999885559082,11.960000038146973,11.59000015258789,11.960000038146973,446200
2023-09-27,11.65999984741211,11.829999923706055,11.460000038146973,11.630000114440918,630000
2023-09-28,12.100000381469727,12.109999656677246,11.6899995803833,11.6899995803833,576600
2023-09-29,11.930000305175781,12.149999618530273,11.890000343322754,12.140000343322754,597000
2023-10-02,11.729999542236328,11.920000076293945,11.630000114440918,11.920000076293945,482200
2023-10-03,11.5,11.739999771118164,11.430000305175781,11.720000267028809,346600
2023-10-04,11.619999885559082,11.640000343322754,11.430000305175781,11.479999542236328,366200
2023-10-05,11.539999961853027,11.710000038146973,11.520000457763672,11.59000015258789,395700
2023-10-06,11.6899995803833,11.885000228881836,11.3100004196167,11.4399995803833,462900
2023-10-09,11.800000190734863,11.850000381469727,11.5,11.520000457763672,313500
2023-10-10,11.850000381469727,12.005000114440918,11.84000015258789,11.850000381469727,406500
2023-10-11,11.649999618530273,11.930000305175781,11.609999656677246,11.899999618530273,298300
2023-10-12,11.399999618530273,11.619999885559082,11.300000190734863,11.619999885559082,338400
2023-10-13,11.279999732971191,11.479999542236328,11.260000228881836,11.399999618530273,242100
2023-10-16,11.699999809265137,11.819999694824219,11.350000381469727,11.350000381469727,493700
2023-10-17,12.0,12.010000228881836,11.6899995803833,11.6899995803833,465400
2023-10-18,11.539999961853027,12.0,11.529999732971191,12.0,306600
2023-10-19,11.390000343322754,11.5600004196167,11.25,11.5600004196167,432800
2023-10-20,11.270000457763672,11.449999809265137,11.170000076293945,11.40999984741211,458800
2023-10-23,11.079999923706055,11.399999618530273,11.069999694824219,11.239999771118164,381900
2023-10-24,11.100000381469727,11.350000381469727,11.029999732971191,11.210000038146973,283800
2023-10-25,11.0,11.085000038146973,10.970000267028809,11.029999732971191,310900
2023-10-26,11.029999732971191,11.180000305175781,10.970000267028809,11.039999961853027,256900
2023-10-27,10.649999618530273,11.050000190734863,10.550000190734863,11.0,462000
2023-10-30,10.670000076293945,10.90999984741211,10.619999885559082,10.789999961853027,315400
2023-10-31,10.5,10.78499984741211,10.489999771118164,10.680000305175781,382900
2023-11-01,10.5600004196167,10.625,10.390000343322754,10.489999771118164,374700
2023-11-02,10.6899995803833,10.899999618530273,10.569999694824219,10.779999732971191,387500
2023-11-03,11.119999885559082,11.225000381469727,10.890000343322754,10.890000343322754,504700
2023-11-06,10.619999885559082,11.15999984741211,10.579999923706055,11.069999694824219,1024300
2023-11-07,10.039999961853027,10.460000038146973,9.529999732971191,10.25,1338500
2023-11-08,10.274999618530273,10.609999656677246,9.90999984741211,10.010000228881836,910600
2023-11-09,10.09000015258789,10.579999923706055,10.010000228881836,10.40999984741211,824600
2023-11-10,10.079999923706055,10.210000038146973,9.829999923706055,10.180000305175781,594800
2023-11-13,10.1899995803833,10.329999923706055,9.779999732971191,9.90999984741211,582900
2023-11-14,10.489999771118164,10.59000015258789,10.354999542236328,10.520000457763672,726500
2023-11-15,10.390000343322754,10.619999885559082,10.274999618530273,10.520000457763672,478600
2023-11-16,10.380000114440918,10.390000343322754,10.0,10.359999656677246,913500
2023-11-17,10.539999961853027,10.550000190734863,10.28499984741211,10.479999542236328,823900
2023-11-20,10.5,10.600000381469727,10.390000343322754,10.529999732971191,759800
2023-11-21,10.0,10.5,9.970000267028809,10.489999771118164,1014700
2023-11-22,10.239999771118164,10.270000457763672,10.0,10.100000381469727,627200
2023-11-24,10.319999694824219,10.359000205993652,10.03499984741211,10.1899995803833,249800
2023-11-27,10.0600004196167,10.270000457763672,9.984999656677246,10.270000457763672,684500
2023-11-28,10.039999961853027,10.15999984741211,9.875,10.0,440200
2023-11-29,10.0600004196167,10.25,9.970000267028809,10.079999923706055,464000
2023-11-30,10.029999732971191,10.15999984741211,9.970000267028809,10.079999923706055,648600
2023-12-01,10.390000343322754,10.399999618530273,9.970000267028809,10.039999961853027,839400
2023-12-04,10.579999923706055,10.609999656677246,10.270000457763672,10.399999618530273,748200
2023-12-05,10.420000076293945,10.569999694824219,10.354999542236328,10.569999694824219,803600
2023-12-06,10.430000305175781,10.64900016784668,10.399999618530273,10.5,735300
2023-12-07,10.220000267028809,10.470000267028809,10.039999961853027,10.430000305175781,837800
2023-12-08,10.329999923706055,10.430000305175781,10.180000305175781,10.220000267028809,480600
2023-12-11,10.210000038146973,10.34000015258789,10.170000076293945,10.210000038146973,432200
2023-12-12,9.90999984741211,10.210000038146973,9.739999771118164,10.210000038146973,618300
2023-12-13,10.180000305175781,10.180000305175781,9.75,9.850000381469727,499300
2023-12-14,10.289999961853027,10.53499984741211,10.104000091552734,10.399999618530273,558300
2023-12-15,10.0,10.420000076293945,9.979999542236328,10.350000381469727,1736000
2023-12-18,9.84000015258789,10.100000381469727,9.84000015258789,10.039999961853027,1063000
2023-12-19,9.949999809265137,10.074999809265137,9.890000343322754,9.970000267028809,606900
2023-12-20,9.729999542236328,10.199999809265137,9.720000267028809,9.979999542236328,1626200
2023-12-21,9.869999885559082,9.984999656677246,9.805000305175781,9.899999618530273,724700
2023-12-22,9.729999542236328,10.050000190734863,9.720000267028809,9.960000038146973,894500
2023-12-26,9.75,9.78499984741211,9.489999771118164,9.739999771118164,1360000
2023-12-27,9.710000038146973,9.8100004196167,9.694999694824219,9.770000457763672,715900
2023-12-28,10.039999961853027,10.175000190734863,9.710000038146973,9.710000038146973,916800
2023-12-29,10.130000114440918,10.149999618530273,9.970000267028809,10.020000457763672,911200
2024-01-02,9.770000457763672,10.40999984741211,9.739999771118164,10.039999961853027,1262700
2024-01-03,9.5,9.805000305175781,9.444999694824219,9.75,1077700
2024-01-04,9.670000076293945,9.71500015258789,9.5,9.529999732971191,582300
2024-01-05,9.350000381469727,9.630000114440918,9.329999923706055,9.600000381469727,622500
2024-01-08,9.170000076293945,9.449999809265137,9.15999984741211,9.350000381469727,1669000
2024-01-09,8.920000076293945,9.109999656677246,8.800000190734863,9.100000381469727,981100
2024-01-10,9.0600004196167,9.0600004196167,8.890000343322754,8.899999618530273,665300
2024-01-11,8.850000381469727,9.020000457763672,8.829999923706055,9.010000228881836,1183300
2024-01-12,8.789999961853027,9.0600004196167,8.734999656677246,8.960000038146973,948600
2024-01-16,8.84000015258789,8.850000381469727,8.602999687194824,8.75,1315300
2024-01-17,8.859999656677246,8.904999732971191,8.729999542236328,8.779999732971191,823800
2024-01-18,8.859999656677246,8.899999618530273,8.75,8.869999885559082,791500
2024-01-19,8.789999961853027,8.880000114440918,8.630000114440918,8.880000114440918,945500
2024-01-22,8.9399995803833,8.949999809265137,8.8100004196167,8.850000381469727,836000
2024-01-23,9.229999542236328,9.239999771118164,8.960000038146973,9.079999923706055,1179200
2024-01-24,8.970000267028809,9.359999656677246,8.949999809265137,9.350000381469727,548700
2024-01-25,9.119999885559082,9.119999885559082,8.899999618530273,9.029999732971191,441600
2024-01-26,9.020000457763672,9.239999771118164,9.0,9.170000076293945,468400
2024-01-29,9.050000190734863,9.0600004196167,8.770000457763672,8.979999542236328,550200
2024-01-30,8.970000267028809,9.029999732971191,8.829999923706055,8.979999542236328,434700
2024-01-31,8.850000381469727,9.109999656677246,8.850000381469727,8.960000038146973,693600
2024-02-01,8.989999771118164,9.079999923706055,8.829999923706055,8.930000305175781,622300
2024-02-02,8.970000267028809,9.0600004196167,8.729999542236328,8.899999618530273,490000
2024-02-05,8.949999809265137,8.998000144958496,8.779999732971191,8.880000114440918,513200
2024-02-06,9.25,9.270000457763672,8.899999618530273,8.899999618530273,541800
2024-02-07,9.930000305175781,11.170000076293945,9.859999656677246,10.149999618530273,2265700
2024-02-08,9.920000076293945,10.020000457763672,9.779999732971191,9.890000343322754,652300
2024-02-09,10.010000228881836,10.149999618530273,9.850000381469727,9.970000267028809,815900
2024-02-12,10.149999618530273,10.305000305175781,10.029999732971191,10.029999732971191,943700
2024-02-13,9.829999923706055,9.960000038146973,9.744999885559082,9.90999984741211,811700
2024-02-14,9.979999542236328,10.095000267028809,9.795000076293945,9.920000076293945,867000
2024-02-15,9.970000267028809,10.1899995803833,9.770999908447266,10.079999923706055,623000
2024-02-16,9.739999771118164,9.899999618530273,9.725000381469727,9.899999618530273,822400
2024-02-20,9.3100004196167,9.680000305175781,9.260000228881836,9.680000305175781,675000
2024-02-21,9.220000267028809,9.395000457763672,9.175000190734863,9.300000190734863,525000
2024-02-22,8.640000343322754,9.270000457763672,8.609999656677246,9.199999809265137,1322400
2024-02-23,8.5,8.800000190734863,8.4399995803833,8.630000114440918,1540600
2024-02-26,8.470000267028809,8.614999771118164,8.40999984741211,8.5,832200
2024-02-27,8.75,8.760000228881836,8.5,8.5,1259800
2024-02-28,8.300000190734863,8.824999809265137,8.020000457763672,8.399999618530273,2206700
2024-02-29,8.15999984741211,8.350000381469727,7.755000114440918,8.25,1638700
2024-03-01,8.40999984741211,8.53499984741211,8.020000457763672,8.149999618530273,1141800
2024-03-04,8.40999984741211,8.470000267028809,8.3100004196167,8.390000343322754,744000
2024-03-05,8.670000076293945,9.029999732971191,8.600000381469727,8.960000038146973,1305900
2024-03-06,8.899999618530273,8.930000305175781,8.5,8.65999984741211,1107300
2024-03-07,8.859999656677246,9.149999618530273,8.819999694824219,8.920000076293945,899100
2024-03-08,8.880000114440918,9.119999885559082,8.800000190734863,8.899999618530273,836300
2024-03-11,8.920000076293945,9.140000343322754,8.819999694824219,8.890000343322754,742900
2024-03-12,8.84000015258789,8.970000267028809,8.720000267028809,8.899999618530273,797700
2024-03-13,9.329999923706055,9.479999542236328,8.8100004196167,8.8100004196167,2697000
2024-03-14,9.029999732971191,9.359999656677246,8.979999542236328,9.359999656677246,720500
2024-03-15,8.789999961853027,9.15999984741211,8.65999984741211,8.989999771118164,1258600
2024-03-18,8.279999732971191,8.800000190734863,8.279999732971191,8.760000228881836,775300
2024-03-19,8.09000015258789,8.460000038146973,8.0,8.3100004196167,1183800
2024-03-20,8.550000190734863,8.630000114440918,7.989999771118164,8.0600004196167,1757500
2024-03-21,8.489999771118164,8.76099967956543,8.430000305175781,8.609999656677246,908500
2024-03-22,8.5,8.6899995803833,8.46500015258789,8.529999732971191,760400
2024-03-25,8.449999809265137,8.59000015258789,8.399999618530273,8.5,994600
2024-03-26,8.329999923706055,8.50100040435791,8.29800033569336,8.430000305175781,688500
2024-03-27,8.670000076293945,8.720000267028809,8.380000114440918,8.380000114440918,863700
2024-03-28,8.779999732971191,8.979999542236328,8.699999809265137,8.729999542236328,981700
2024-04-01,8.399999618530273,8.75,8.25,8.600000381469727,1040400
2024-04-02,8.359999656677246,8.460000038146973,8.210000038146973,8.329999923706055,957700
2024-04-03,8.670000076293945,8.729999542236328,8.25,8.279999732971191,995300
2024-04-04,8.359999656677246,8.864999771118164,8.359999656677246,8.789999961853027,1079400
2024-04-05,8.300000190734863,8.470000267028809,8.289999961853027,8.3100004196167,813800
2024-04-08,8.359999656677246,8.524999618530273,8.3100004196167,8.319999694824219,446500
2024-04-09,8.75,9.140000343322754,8.430000305175781,8.460000038146973,775800
2024-04-10,8.59000015258789,8.609999656677246,8.430000305175781,8.489999771118164,623500
2024-04-11,8.819999694824219,8.859999656677246,8.569999694824219,8.630000114440918,566700
2024-04-12,8.3100004196167,8.829999923706055,8.244999885559082,8.760000228881836,611800
2024-04-15,8.119999885559082,8.449999809265137,8.069999694824219,8.449999809265137,772000
2024-04-16,8.119999885559082,8.140000343322754,7.53000020980835,8.010000228881836,1317400
2024-04-17,8.239999771118164,8.484999656677246,8.170000076293945,8.180000305175781,578800
2024-04-18,8.369999885559082,8.510000228881836,8.289999961853027,8.3100004196167,582100
2024-04-19,8.350000381469727,8.520000457763672,8.3149995803833,8.350000381469727,697300
2024-04-22,8.319999694824219,8.430000305175781,8.104999542236328,8.369999885559082,607000
2024-04-23,8.59000015258789,8.710000038146973,8.270000457763672,8.270000457763672,587100
2024-04-24,8.729999542236328,8.729999542236328,8.5,8.5,660100
2024-04-25,8.789999961853027,8.835000038146973,8.5,8.5600004196167,647000
2024-04-26,9.140000343322754,9.234999656677246,8.789999961853027,8.789999961853027,2004300
2024-04-29,9.350000381469727,9.470000267028809,9.220000267028809,9.25,1369200
2024-04-30,9.0600004196167,9.180000305175781,9.0,9.180000305175781,1478200
2024-05-01,9.0600004196167,9.289999961853027,8.970000267028809,9.109999656677246,661000
2024-05-02,9.109999656677246,9.260000228881836,9.069999694824219,9.1899995803833,629800
2024-05-03,9.020000457763672,9.375,9.005000114440918,9.3100004196167,988000
2024-05-06,9.40999984741211,9.430000305175781,9.130000114440918,9.130000114440918,857700
2024-05-07,10.0,10.619999885559082,9.520000457763672,10.050000190734863,2929200
2024-05-08,9.770000457763672,9.9350004196167,9.489999771118164,9.84000015258789,1218000
2024-05-09,10.199999809265137,10.279999732971191,9.725000381469727,9.789999961853027,942000
2024-05-10,10.199999809265137,10.220000267028809,10.03499984741211,10.1899995803833,710500
2024-05-13,10.140000343322754,10.260000228881836,10.09000015258789,10.220000267028809,488000
2024-05-14,10.880000114440918,10.899999618530273,10.25,10.25,922400
2024-05-15,10.760000228881836,11.0,10.619999885559082,11.0,765900
2024-05-16,10.729999542236328,10.765000343322754,10.529999732971191,10.75,494800
2024-05-17,10.770000457763672,10.859999656677246,10.619999885559082,10.779999732971191,642200
2024-05-20,10.819999694824219,10.9399995803833,10.630000114440918,10.800000190734863,924400
2024-05-21,10.84000015258789,10.899999618530273,10.720000267028809,10.779999732971191,576300
2024-05-22,10.649999618530273,10.760000228881836,10.460000038146973,10.760000228881836,588500
2024-05-23,10.1899995803833,10.699999809265137,10.164999961853027,10.630000114440918,560300
2024-05-24,10.4399995803833,10.4399995803833,10.114999771118164,10.210000038146973,431800
2024-05-28,10.489999771118164,10.619999885559082,10.279999732971191,10.569999694824219,391800
2024-05-29,10.489999771118164,10.760000228881836,10.286999702453613,10.40999984741211,598800
2024-05-30,10.319999694824219,10.520000457763672,10.289999961853027,10.460000038146973,434600
2024-05-31,10.585000038146973,10.680000305175781,10.220000267028809,10.430000305175781,589800
2024-06-03,10.539999961853027,10.760000228881836,10.430000305175781,10.699999809265137,515400
2024-06-04,10.630000114440918,10.680000305175781,10.399999618530273,10.489999771118164,374800
2024-06-05,10.529999732971191,10.75,10.479999542236328,10.640000343322754,470500
2024-06-06,10.390000343322754,10.489999771118164,10.279999732971191,10.460000038146973,441400
2024-06-07,9.8100004196167,10.260000228881836,9.800000190734863,10.239999771118164,528900
2024-06-10,9.649999618530273,9.8100004196167,9.619999885559082,9.739999771118164,848500
2024-06-11,9.760000228881836,9.819999694824219,9.4399995803833,9.600000381469727,931000
2024-06-12,9.880000114440918,10.130000114440918,9.8149995803833,10.0600004196167,554800
2024-06-13,9.569999694824219,9.9399995803833,9.5600004196167,9.859999656677246,447700
2024-06-14,9.180000305175781,9.550000190734863,9.130000114440918,9.5,445500
2024-06-17,9.289999961853027,9.335000038146973,8.989999771118164,9.100000381469727,923600
2024-06-18,9.479999542236328,9.489999771118164,9.229999542236328,9.3100004196167,521800
2024-06-20,9.25,9.520000457763672,9.1899995803833,9.40999984741211,701600
2024-06-21,9.229999542236328,9.319999694824219,8.930000305175781,9.119999885559082,2456600
2024-06-24,9.109999656677246,9.279999732971191,9.0600004196167,9.279999732971191,773600
2024-06-25,9.100000381469727,9.180000305175781,9.020000457763672,9.09000015258789,537400
2024-06-26,9.279999732971191,9.289999961853027,9.010000228881836,9.09000015258789,489100
2024-06-27,9.5600004196167,9.5600004196167,9.260000228881836,9.279999732971191,672700
2024-06-28,9.619999885559082,9.805000305175781,9.479999542236328,9.619999885559082,1647100
2024-07-01,9.390000343322754,9.899999618530273,9.34000015258789,9.619999885559082,783700
2024-07-02,9.84000015258789,9.9399995803833,9.390000343322754,9.399999618530273,729000
2024-07-03,9.779999732971191,10.03499984741211,9.720000267028809,9.890000343322754,334900
2024-07-05,9.829999923706055,9.920000076293945,9.6899995803833,9.779999732971191,341500
2024-07-08,9.779999732971191,10.050000190734863,9.774999618530273,9.930000305175781,580100
2024-07-09,9.449999809265137,9.770000457763672,9.40999984741211,9.770000457763672,376800
2024-07-10,9.470000267028809,9.616000175476074,9.40999984741211,9.569999694824219,420100
2024-07-11,8.989999771118164,9.680000305175781,8.979999542236328,9.649999618530273,1115800
2024-07-12,9.149999618530273,9.244999885559082,8.9399995803833,9.0,980100
2024-07-15,9.25,9.460000038146973,9.074999809265137,9.199999809265137,720000
2024-07-16,9.510000228881836,9.579999923706055,9.220000267028809,9.34000015258789,819500
2024-07-17,9.350000381469727,9.555000305175781,9.1899995803833,9.449999809265137,636300
2024-07-18,9.369999885559082,9.630000114440918,9.255000114440918,9.300000190734863,663200
2024-07-19,9.229999542236328,9.420000076293945,9.130000114440918,9.40999984741211,545900
2024-07-22,9.329999923706055,9.369999885559082,8.979999542236328,9.260000228881836,569000
2024-07-23,9.479999542236328,9.670000076293945,9.329999923706055,9.329999923706055,762200
2024-07-24,9.130000114440918,9.430000305175781,9.104999542236328,9.399999618530273,761000
2024-07-25,9.390000343322754,9.5600004196167,9.130000114440918,9.210000038146973,802800
2024-07-26,9.399999618530273,9.579999923706055,9.239999771118164,9.520000457763672,582900
2024-07-29,9.149999618530273,9.4350004196167,9.055000305175781,9.430000305175781,490300
2024-07-30,8.949999809265137,9.15999984741211,8.805000305175781,9.15999984741211,660800
2024-07-31,9.079999923706055,9.350000381469727,8.779999732971191,9.0,807600
2024-08-01,8.65999984741211,9.130000114440918,8.475000381469727,9.109999656677246,1023700
2024-08-02,8.350000381469727,8.539999961853027,8.25,8.489999771118164,769900
2024-08-05,8.010000228881836,8.069999694824219,7.829999923706055,7.960000038146973,1566700
2024-08-06,8.039999961853027,8.364999771118164,7.699999809265137,8.069999694824219,2381300
2024-08-07,7.769999980926514,8.710000038146973,7.710000038146973,7.809999942779541,1081500
2024-08-08,7.739999771118164,7.809999942779541,7.380000114440918,7.71999979019165,1310400
2024-08-09,7.630000114440918,7.829999923706055,7.429999828338623,7.75,963500
2024-08-12,7.360000133514404,7.619999885559082,7.21999979019165,7.619999885559082,885000
2024-08-13,7.090000152587891,7.369999885559082,6.925000190734863,7.360000133514404,1547500
2024-08-14,6.900000095367432,7.090000152587891,6.784999847412109,7.079999923706055,1136600
2024-08-15,7.199999809265137,7.28000020980835,6.980000019073486,7.03000020980835,1021100
2024-08-16,7.210000038146973,7.309999942779541,6.954999923706055,7.139999866485596,1416800
2024-08-19,8.430000305175781,8.4399995803833,7.25,7.25,3744000
2024-08-20,7.704999923706055,8.675000190734863,7.559999942779541,8.449999809265137,1348500
2024-08-21,7.590000152587891,7.820000171661377,7.454999923706055,7.760000228881836,1201600
2024-08-22,7.360000133514404,7.630000114440918,7.264999866485596,7.570000171661377,776800
2024-08-23,7.710000038146973,7.809999942779541,7.320000171661377,7.329999923706055,685200
2024-08-26,7.900000095367432,8.274999618530273,7.670000076293945,7.710000038146973,859400
2024-08-27,8.100000381469727,8.270000457763672,7.824999809265137,7.840000152587891,960200
2024-08-28,7.690000057220459,8.15999984741211,7.679999828338623,8.0,619000
2024-08-29,7.71999979019165,7.925000190734863,7.679999828338623,7.710000038146973,564200
2024-08-30,7.96999979019165,7.989999771118164,7.739999771118164,7.78000020980835,718000
2024-09-03,7.960000038146973,8.03499984741211,7.670000076293945,7.679999828338623,786400
2024-09-04,7.989999771118164,8.4399995803833,7.889999866485596,7.940000057220459,904400
2024-09-05,8.100000381469727,8.229999542236328,7.980000019073486,8.0,565600
2024-09-06,7.96999979019165,8.220000267028809,7.940000057220459,8.109999656677246,681700
2024-09-09,7.730000019073486,8.0600004196167,7.71999979019165,7.889999866485596,725500
2024-09-10,7.539999961853027,7.829999923706055,7.53000020980835,7.730000019073486,614200
2024-09-11,7.710000038146973,7.820000171661377,7.51200008392334,7.539999961853027,655600
2024-09-12,7.449999809265137,7.78000020980835,7.304999828338623,7.71999979019165,882800
2024-09-13,7.239999771118164,7.425000190734863,6.96999979019165,7.03000020980835,2009200
2024-09-16,6.869999885559082,7.369999885559082,6.739999771118164,7.320000171661377,1062100
2024-09-17,6.929999828338623,7.199999809265137,6.889999866485596,6.900000095367432,805600
2024-09-18,6.78000020980835,7.070000171661377,6.71999979019165,6.929999828338623,1130700
2024-09-19,6.880000114440918,7.050000190734863,6.78000020980835,6.929999828338623,699600
2024-09-20,6.889999866485596,6.96999979019165,6.769999980926514,6.840000152587891,1862800
2024-09-23,6.900000095367432,6.974999904632568,6.829999923706055,6.909999847412109,647100
2024-09-24,6.900000095367432,7.110000133514404,6.869999885559082,6.980000019073486,580600
2024-09-25,6.619999885559082,6.940000057220459,6.614999771118164,6.900000095367432,834000
2024-09-26,6.889999866485596,6.96999979019165,6.679999828338623,6.679999828338623,726000
2024-09-27,7.239999771118164,7.364999771118164,6.980000019073486,7.010000228881836,1223100
2024-09-30,7.179999828338623,7.630000114440918,6.849999904632568,7.460000038146973,2621900
2024-10-01,6.809999942779541,7.184999942779541,6.795000076293945,7.139999866485596,1618400
2024-10-02,6.420000076293945,6.889999866485596,6.360000133514404,6.800000190734863,1701600
2024-10-03,6.300000190734863,6.46999979019165,6.170000076293945,6.349999904632568,1345900
2024-10-04,6.360000133514404,6.425000190734863,6.260000228881836,6.380000114440918,677600
2024-10-07,6.349999904632568,6.369999885559082,6.195000171661377,6.300000190734863,780500
2024-10-08,6.420000076293945,6.579999923706055,6.300000190734863,6.300000190734863,1110800
2024-10-09,6.510000228881836,6.679999828338623,6.440000057220459,6.440000057220459,934200
2024-10-10,6.360000133514404,6.570000171661377,6.340000152587891,6.5,1565400
2024-10-11,6.559999942779541,6.614999771118164,6.28000020980835,6.349999904632568,1626200
2024-10-14,7.019999980926514,7.329999923706055,6.510000228881836,6.679999828338623,1953700
2024-10-15,7.130000114440918,7.420000076293945,7.0,7.0,1707500
2024-10-16,7.320000171661377,7.364999771118164,7.139999866485596,7.190000057220459,890600
2024-10-17,7.289999961853027,7.400000095367432,7.119999885559082,7.150000095367432,1096700
2024-10-18,7.0,7.46999979019165,6.985000133514404,7.340000152587891,885400
2024-10-21,6.800000190734863,7.050000190734863,6.789999961853027,6.980000019073486,1038700
2024-10-22,6.920000076293945,6.929999828338623,6.690000057220459,6.800000190734863,1784600
2024-10-23,7.159999847412109,7.175000190734863,6.809999942779541,6.860000133514404,1277700
2024-10-24,7.139999866485596,7.329999923706055,7.072999954223633,7.260000228881836,1642400
2024-10-25,7.170000076293945,7.224999904632568,7.090000152587891,7.199999809265137,605700
2024-10-28,7.21999979019165,7.375,7.204999923706055,7.239999771118164,797700
2024-10-29,6.989999771118164,7.25,6.980000019073486,7.150000095367432,726700
2024-10-30,6.75,6.96999979019165,6.715000152587891,6.96999979019165,956100
2024-10-31,6.550000190734863,6.75,6.510000228881836,6.739999771118164,783200
2024-11-01,6.659999847412109,6.789999961853027,6.525000095367432,6.559999942779541,1095800
2024-11-04,6.550000190734863,6.885000228881836,6.449999809265137,6.699999809265137,1145400
2024-11-05,8.529999732971191,9.020000457763672,7.679999828338623,7.730000019073486,9432100
2024-11-06,8.020000457763672,8.850000381469727,7.789999961853027,8.800000190734863,3160300
2024-11-07,7.929999828338623,8.140000343322754,7.800000190734863,8.0,1858500
2024-11-08,8.010000228881836,8.1850004196167,7.860000133514404,7.949999809265137,1887400
2024-11-11,8.180000305175781,8.210000038146973,7.980000019073486,8.100000381469727,1300000
2024-11-12,8.069999694824219,8.119999885559082,7.880000114440918,8.09000015258789,1162000
2024-11-13,7.949999809265137,8.140000343322754,7.889999866485596,8.100000381469727,1247500
2024-11-14,8.010000228881836,8.140000343322754,7.940000057220459,7.980000019073486,1219200
2024-11-15,7.539999961853027,8.0600004196167,7.329999923706055,8.0600004196167,1607300
2024-11-18,7.78000020980835,7.800000190734863,7.554999828338623,7.570000171661377,993300
2024-11-19,7.900000095367432,8.039999961853027,7.670000076293945,7.679999828338623,1026600
2024-11-20,7.739999771118164,8.020000457763672,7.599999904632568,7.820000171661377,1245900
2024-11-21,8.279999732971191,8.399999618530273,7.650000095367432,7.789999961853027,978300
2024-11-22,8.119999885559082,8.210000038146973,7.900000095367432,8.119999885559082,1108400
2024-11-25,8.40999984741211,8.479999542236328,8.180000305175781,8.279999732971191,1090800
2024-11-26,8.170000076293945,8.40999984741211,8.140000343322754,8.40999984741211,573400
2024-11-27,8.140000343322754,8.34000015258789,8.079999923706055,8.239999771118164,887600
2024-11-29,8.029999732971191,8.199999809265137,7.994999885559082,8.199999809265137,984400
2024-12-02,8.100000381469727,8.1899995803833,7.860000133514404,8.069999694824219,1359400
2024-12-03,7.40500020980835,8.074999809265137,7.309999942779541,7.96999979019165,2529700
2024-12-04,7.559999942779541,7.619999885559082,7.300000190734863,7.440000057220459,1547800
2024-12-05,7.380000114440918,7.75,7.34499979019165,7.619999885559082,1188200
2024-12-06,7.739999771118164,7.914999961853027,7.449999809265137,7.460000038146973,1345900
2024-12-09,7.869999885559082,7.940000057220459,7.789999961853027,7.820000171661377,1008300
2024-12-10,7.78000020980835,7.920000076293945,7.559999942779541,7.889999866485596,700200
2024-12-11,7.849999904632568,7.900000095367432,7.610000133514404,7.840000152587891,811700
2024-12-12,7.78000020980835,8.029999732971191,7.71999979019165,7.889999866485596,955600
2024-12-13,7.900000095367432,7.980000019073486,7.730000019073486,7.800000190734863,962200
2024-12-16,7.960000038146973,8.024999618530273,7.625,7.840000152587891,866200
2024-12-17,8.010000228881836,8.079999923706055,7.889999866485596,7.96999979019165,1447000
2024-12-18,7.920000076293945,8.149999618530273,7.809999942779541,8.010000228881836,1722800
2024-12-19,7.760000228881836,8.0600004196167,7.704999923706055,8.0,1347900
2024-12-20,7.539999961853027,7.889999866485596,7.429999828338623,7.670000076293945,2986100
2024-12-23,7.360000133514404,7.670000076293945,7.269999980926514,7.559999942779541,929000
2024-12-24,7.480000019073486,7.5,7.269999980926514,7.369999885559082,262800
2024-12-26,7.769999980926514,7.824999809265137,7.380000114440918,7.449999809265137,586400
2024-12-27,7.690000057220459,7.794000148773193,7.539999961853027,7.75,733400
2024-12-30,7.590000152587891,7.639999866485596,7.425000190734863,7.639999866485596,914200
2024-12-31,8.09000015258789,8.100000381469727,7.53000020980835,7.570000171661377,1316000
2025-01-02,8.300000190734863,8.390000343322754,8.180000305175781,8.180000305175781,818000
2025-01-03,8.239999771118164,8.479999542236328,8.229999542236328,8.289999961853027,746500
2025-01-06,7.559999942779541,8.149999618530273,7.53000020980835,8.149999618530273,1208900
2025-01-07,7.400000095367432,7.659999847412109,7.230000019073486,7.53000020980835,1166800
2025-01-08,7.590000152587891,7.639999866485596,7.21999979019165,7.309999942779541,1023300
2025-01-10,7.21999979019165,7.492000102996826,7.199999809265137,7.46999979019165,809000
2025-01-13,7.119999885559082,7.239999771118164,6.849999904632568,7.239999771118164,1152600
2025-01-14,7.260000228881836,7.340000152587891,7.114999771118164,7.210000038146973,1140700
2025-01-15,7.599999904632568,7.989999771118164,7.360000133514404,7.449999809265137,1355200
2025-01-16,7.71999979019165,7.784999847412109,7.514999866485596,7.550000190734863,573200
2025-01-17,7.849999904632568,7.860000133514404,7.690000057220459,7.860000133514404,750200
2025-01-21,8.619999885559082,8.649999618530273,7.929999828338623,7.940000057220459,1409700
2025-01-22,8.40999984741211,8.649999618530273,8.359999656677246,8.579999923706055,814300
2025-01-23,8.539999961853027,8.609999656677246,8.100000381469727,8.319999694824219,734900
2025-01-24,8.960000038146973,9.15999984741211,8.53499984741211,8.550000190734863,2148900
2025-01-27,8.800000190734863,9.199999809265137,8.579999923706055,8.9399995803833,1033099
