Price,Close,High,Low,Open,Volume
Ticker,KPTI,KPTI,KPTI,KPTI,KPTI
Date,,,,,
2020-01-28,16.969999313354492,17.040000915527344,15.947999954223633,16.0,1009300
2020-01-29,16.44499969482422,17.020000457763672,16.389999389648438,16.950000762939453,648300
2020-01-30,16.149999618530273,16.360000610351562,15.859999656677246,16.25,659800
2020-01-31,16.149999618530273,16.239999771118164,15.569999694824219,16.010000228881836,670700
2020-02-03,16.75,17.082000732421875,16.15999984741211,16.190000534057617,892400
2020-02-04,17.56999969482422,17.59000015258789,16.96500015258789,17.010000228881836,705700
2020-02-05,18.0049991607666,18.360000610351562,17.5,17.90999984741211,692800
2020-02-06,17.219999313354492,18.0310001373291,17.1299991607666,17.860000610351562,698500
2020-02-07,17.270000457763672,17.899999618530273,16.979999542236328,17.06999969482422,677900
2020-02-10,17.709999084472656,17.75,16.75,17.209999084472656,1184800
2020-02-11,17.229999542236328,17.850000381469727,16.979999542236328,17.850000381469727,944700
2020-02-12,16.829999923706055,17.520000457763672,16.726999282836914,17.399999618530273,1115900
2020-02-13,16.06999969482422,17.0,15.90999984741211,16.309999465942383,1263900
2020-02-14,15.380000114440918,16.399999618530273,15.039999961853027,16.399999618530273,1850900
2020-02-18,16.34000015258789,16.375,15.039999961853027,15.369999885559082,1135500
2020-02-19,16.31999969482422,17.489999771118164,16.06999969482422,17.34000015258789,956300
2020-02-20,16.40999984741211,16.469999313354492,15.569999694824219,16.270000457763672,754100
2020-02-21,16.09000015258789,16.43000030517578,15.6899995803833,16.299999237060547,705800
2020-02-24,14.789999961853027,15.704999923706055,14.479999542236328,15.640000343322754,1722100
2020-02-25,14.510000228881836,15.109999656677246,13.720000267028809,14.800000190734863,1599300
2020-02-26,14.380000114440918,14.664999961853027,13.859999656677246,14.529999732971191,997900
2020-02-27,15.380000114440918,15.470000267028809,13.390000343322754,14.039999961853027,1863200
2020-02-28,16.34000015258789,16.3799991607666,14.600000381469727,14.8100004196167,1847300
2020-03-02,27.719999313354492,29.610000610351562,22.0,23.520000457763672,18759500
2020-03-03,24.674999237060547,27.389999389648438,24.100000381469727,26.510000228881836,3783600
2020-03-04,26.600000381469727,27.420000076293945,24.683000564575195,25.299999237060547,5788900
2020-03-05,26.1200008392334,28.040000915527344,25.899999618530273,26.0,2083200
2020-03-06,25.020000457763672,26.299999237060547,23.790000915527344,25.0,1872100
2020-03-09,21.760000228881836,23.84000015258789,20.829999923706055,22.770000457763672,1997500
2020-03-10,23.110000610351562,23.658000946044922,20.709999084472656,22.549999237060547,1911500
2020-03-11,21.239999771118164,22.719999313354492,20.549999237060547,22.260000228881836,2011000
2020-03-12,18.510000228881836,20.700000762939453,18.5,19.420000076293945,1946200
2020-03-13,18.520000457763672,19.950000762939453,16.239999771118164,19.049999237060547,2697500
2020-03-16,16.5,17.729999542236328,15.079999923706055,16.260000228881836,1934000
2020-03-17,17.65999984741211,19.0,15.470000267028809,16.68000030517578,2440500
2020-03-18,16.200000762939453,17.3700008392334,13.710000038146973,16.559999465942383,1930400
2020-03-19,19.1299991607666,19.530000686645508,15.300000190734863,16.25,1981000
2020-03-20,17.90999984741211,19.549999237060547,17.700000762939453,19.219999313354492,2156300
2020-03-23,18.280000686645508,19.0,16.889999389648438,18.25,1361200
2020-03-24,20.25,20.290000915527344,18.780000686645508,19.209999084472656,1331300
2020-03-25,20.610000610351562,21.139999389648438,19.0,19.899999618530273,1354500
2020-03-26,21.229999542236328,23.0,20.34000015258789,20.34000015258789,1494000
2020-03-27,19.579999923706055,21.049999237060547,19.5,20.469999313354492,1247600
2020-03-30,20.020000457763672,20.780000686645508,19.18000030517578,19.959999084472656,1869400
2020-03-31,19.209999084472656,20.229999542236328,18.299999237060547,19.84000015258789,1714600
2020-04-01,18.059999465942383,19.329999923706055,17.809999465942383,18.489999771118164,1028500
2020-04-02,18.09000015258789,18.690000534057617,17.700000762939453,17.850000381469727,809800
2020-04-03,17.81999969482422,18.405000686645508,17.34000015258789,17.93000030517578,838700
2020-04-06,19.139999389648438,19.190000534057617,18.149999618530273,18.770000457763672,1257500
2020-04-07,18.579999923706055,20.5,18.18000030517578,20.079999923706055,1667400
2020-04-08,19.280000686645508,19.334999084472656,18.09000015258789,18.770000457763672,1057000
2020-04-09,20.530000686645508,21.450000762939453,19.610000610351562,20.799999237060547,1541800
2020-04-13,20.170000076293945,20.888999938964844,19.649999618530273,20.549999237060547,998900
2020-04-14,21.75,21.940000534057617,20.469999313354492,20.5,1008900
2020-04-15,20.65999984741211,21.204999923706055,20.260000228881836,20.920000076293945,781100
2020-04-16,22.1299991607666,22.15999984741211,20.700000762939453,20.979999542236328,1118100
2020-04-17,23.440000534057617,23.52899932861328,22.31999969482422,22.940000534057617,1288800
2020-04-20,25.049999237060547,25.6299991607666,22.68400001525879,23.030000686645508,1642200
2020-04-21,23.68000030517578,25.34000015258789,23.1200008392334,24.610000610351562,1137700
2020-04-22,24.850000381469727,25.06999969482422,23.40999984741211,24.190000534057617,1017800
2020-04-23,24.68000030517578,25.979000091552734,24.364999771118164,25.030000686645508,931300
2020-04-24,25.18000030517578,25.43000030517578,24.170000076293945,25.34000015258789,909400
2020-04-27,25.25,25.67799949645996,24.610000610351562,25.5,1029200
2020-04-28,24.100000381469727,25.639999389648438,24.040000915527344,25.579999923706055,656400
2020-04-29,23.100000381469727,24.530000686645508,23.010000228881836,24.520000457763672,934900
2020-04-30,22.049999237060547,23.100000381469727,21.520000457763672,23.049999237060547,1816000
2020-05-01,19.34000015258789,21.565000534057617,19.163000106811523,21.450000762939453,2722100
2020-05-04,20.68000030517578,20.799999237060547,18.850000381469727,20.010000228881836,1801600
2020-05-05,19.6299991607666,21.110000610351562,18.850000381469727,18.93000030517578,3178900
2020-05-06,19.239999771118164,20.219999313354492,18.399999618530273,20.219999313354492,1760900
2020-05-07,19.459999084472656,20.075000762939453,18.889999389648438,19.959999084472656,1345500
2020-05-08,18.93000030517578,20.190000534057617,18.799999237060547,19.790000915527344,955600
2020-05-11,20.56999969482422,20.75,18.899999618530273,18.950000762939453,2010500
2020-05-12,19.309999465942383,21.0,19.270000457763672,20.719999313354492,1373400
2020-05-13,18.690000534057617,19.540000915527344,18.0,19.3799991607666,1673500
2020-05-14,18.469999313354492,19.020000457763672,18.06999969482422,18.700000762939453,1604900
2020-05-15,19.059999465942383,19.229999542236328,18.200000762939453,18.329999923706055,1177000
2020-05-18,18.65999984741211,20.239999771118164,18.549999237060547,19.940000534057617,1473400
2020-05-19,17.655000686645508,18.950000762939453,17.649999618530273,18.59000015258789,1490800
2020-05-20,19.399999618530273,19.469999313354492,17.8799991607666,17.989999771118164,2030300
2020-05-21,19.110000610351562,19.670000076293945,18.530000686645508,19.540000915527344,1054600
2020-05-22,20.649999618530273,20.867000579833984,19.010000228881836,19.209999084472656,2041300
2020-05-26,19.290000915527344,21.81999969482422,19.200000762939453,21.5,1928900
2020-05-27,18.809999465942383,19.81999969482422,18.0,19.510000228881836,1611600
2020-05-28,18.799999237060547,19.600000381469727,18.648000717163086,18.950000762939453,2077000
2020-05-29,18.489999771118164,19.770000457763672,18.200000762939453,19.520000457763672,3729100
2020-06-01,17.1200008392334,18.40999984741211,17.079999923706055,18.219999313354492,2909400
2020-06-02,18.079999923706055,18.139999389648438,16.549999237060547,17.200000762939453,2240900
2020-06-03,17.600000381469727,18.270000457763672,17.399999618530273,18.049999237060547,1546800
2020-06-04,17.799999237060547,18.725000381469727,17.559999465942383,17.760000228881836,1901900
2020-06-05,17.729999542236328,18.290000915527344,17.40999984741211,18.010000228881836,1309000
2020-06-08,18.969999313354492,19.079999923706055,17.899999618530273,18.15999984741211,1337500
2020-06-09,17.950000762939453,18.889999389648438,17.90999984741211,18.81399917602539,1542500
2020-06-10,17.579999923706055,18.298999786376953,17.530000686645508,18.100000381469727,1106100
2020-06-11,16.600000381469727,17.40999984741211,16.56999969482422,17.1299991607666,1579100
2020-06-12,16.700000762939453,17.299999237060547,15.800000190734863,17.0,1909900
2020-06-15,17.520000457763672,17.68000030517578,16.09000015258789,16.200000762939453,1561500
2020-06-16,18.3799991607666,18.559999465942383,17.360000610351562,17.739999771118164,2140900
2020-06-17,18.5049991607666,18.559999465942383,17.6200008392334,18.479999542236328,2176400
2020-06-18,18.6299991607666,18.850000381469727,18.40999984741211,18.479999542236328,952100
2020-06-19,19.0,19.309999465942383,18.5,18.8799991607666,3178100
2020-06-22,18.989999771118164,20.989999771118164,18.475000381469727,19.579999923706055,6802600
2020-06-23,19.700000762939453,20.610000610351562,18.75,19.190000534057617,3658000
2020-06-24,18.559999465942383,19.709999084472656,18.030000686645508,19.5,2867900
2020-06-25,19.59000015258789,19.729999542236328,18.299999237060547,18.34000015258789,2095400
2020-06-26,18.420000076293945,19.56999969482422,18.34000015258789,19.530000686645508,3133100
2020-06-29,18.0,18.656999588012695,17.6200008392334,18.479999542236328,1470600
2020-06-30,18.940000534057617,19.0,17.799999237060547,17.959999084472656,1540800
2020-07-01,19.25,19.71500015258789,18.850000381469727,18.90999984741211,2230200
2020-07-02,19.709999084472656,20.149999618530273,19.360000610351562,20.06999969482422,1479500
2020-07-06,19.56999969482422,20.25,19.459999084472656,19.850000381469727,1613800
2020-07-07,19.09000015258789,19.829999923706055,18.959999084472656,19.5,1192900
2020-07-08,19.479999542236328,19.5,18.8799991607666,19.200000762939453,1235200
2020-07-09,18.850000381469727,19.770000457763672,18.520000457763672,19.579999923706055,1520200
2020-07-10,19.170000076293945,20.0,18.6200008392334,18.760000228881836,1459100
2020-07-13,17.809999465942383,19.290000915527344,17.78499984741211,19.290000915527344,2034200
2020-07-14,19.309999465942383,19.360000610351562,18.0,18.59000015258789,3198300
2020-07-15,19.395000457763672,19.899999618530273,18.829999923706055,19.600000381469727,1446500
2020-07-16,18.850000381469727,19.299999237060547,18.399999618530273,19.18000030517578,1946900
2020-07-17,18.940000534057617,19.725000381469727,18.8799991607666,18.969999313354492,2095000
2020-07-20,19.440000534057617,19.579999923706055,18.8799991607666,18.969999313354492,1703400
2020-07-21,19.020000457763672,19.479999542236328,18.68000030517578,19.389999389648438,1514600
2020-07-22,18.979999542236328,19.270000457763672,18.84000015258789,19.049999237060547,935700
2020-07-23,18.6200008392334,19.399999618530273,18.34000015258789,18.799999237060547,1414200
2020-07-24,17.920000076293945,18.4950008392334,17.6200008392334,18.40999984741211,1283000
2020-07-27,17.850000381469727,18.041000366210938,17.360000610351562,17.979999542236328,1010000
2020-07-28,17.510000228881836,18.167999267578125,17.40999984741211,17.780000686645508,1094200
2020-07-29,16.670000076293945,17.59000015258789,16.5939998626709,17.56999969482422,2350900
2020-07-30,16.540000915527344,17.059999465942383,16.25,16.34000015258789,1237400
2020-07-31,16.049999237060547,16.764999389648438,15.90999984741211,16.600000381469727,1567700
2020-08-03,16.860000610351562,17.1299991607666,16.15999984741211,16.209999084472656,2102500
2020-08-04,15.760000228881836,16.5,15.449999809265137,16.5,3553900
2020-08-05,15.760000228881836,16.139999389648438,15.470000267028809,15.699999809265137,2244200
2020-08-06,15.25,15.949999809265137,15.15999984741211,15.760000228881836,2279600
2020-08-07,15.229999542236328,15.75,15.09000015258789,15.15999984741211,1781900
2020-08-10,15.199999809265137,15.600000381469727,15.109999656677246,15.600000381469727,1154600
2020-08-11,14.670000076293945,15.449999809265137,14.600000381469727,15.210000038146973,1401900
2020-08-12,14.850000381469727,15.239999771118164,14.5600004196167,14.670000076293945,1380700
2020-08-13,15.15999984741211,15.4399995803833,14.75,14.819999694824219,1186000
2020-08-14,14.675000190734863,15.34000015258789,14.5,15.130000114440918,1139500
2020-08-17,15.260000228881836,15.300000190734863,14.609999656677246,15.0,889400
2020-08-18,15.140000343322754,15.34000015258789,14.960000038146973,15.15999984741211,762600
2020-08-19,14.899999618530273,15.34000015258789,14.880000114440918,15.220000267028809,825200
2020-08-20,14.550000190734863,14.869999885559082,14.369999885559082,14.859999656677246,2172600
2020-08-21,14.199999809265137,14.569999694824219,14.026000022888184,14.390000343322754,1200400
2020-08-24,14.1899995803833,14.300000190734863,13.800000190734863,14.210000038146973,1278200
2020-08-25,14.579999923706055,14.600000381469727,14.109999656677246,14.3100004196167,704500
2020-08-26,14.390000343322754,14.6899995803833,14.199999809265137,14.449999809265137,1350900
2020-08-27,14.140000343322754,14.390000343322754,13.800000190734863,14.25,881300
2020-08-28,14.789999961853027,15.489999771118164,14.420000076293945,14.420000076293945,1519100
2020-08-31,15.210000038146973,15.460000038146973,14.260000228881836,14.649999618530273,1301700
2020-09-01,15.350000381469727,15.619999885559082,15.109999656677246,15.34000015258789,1216700
2020-09-02,15.6899995803833,15.779999732971191,15.270000457763672,15.3100004196167,1125800
2020-09-03,15.210000038146973,15.789999961853027,15.069999694824219,15.680000305175781,1102200
2020-09-04,15.220000267028809,15.420000076293945,14.425000190734863,15.289999961853027,1104300
2020-09-08,14.760000228881836,15.399999618530273,14.710000038146973,14.829999923706055,944000
2020-09-09,15.260000228881836,15.444999694824219,14.859999656677246,14.979999542236328,1028000
2020-09-10,14.729999542236328,15.569999694824219,14.6899995803833,15.34000015258789,985000
2020-09-11,14.199999809265137,14.800000190734863,14.0600004196167,14.720000267028809,1246000
2020-09-14,15.279999732971191,15.366000175476074,14.324999809265137,14.430000305175781,1901200
2020-09-15,15.899999618530273,15.970000267028809,15.300000190734863,15.520000457763672,2180800
2020-09-16,15.960000038146973,16.260000228881836,15.789999961853027,15.90999984741211,1134500
2020-09-17,16.09000015258789,16.170000076293945,15.58899974822998,15.75,645700
2020-09-18,16.31999969482422,16.479999542236328,15.869999885559082,16.420000076293945,1504000
2020-09-21,16.079999923706055,16.1200008392334,15.5,15.979999542236328,1124300
2020-09-22,16.25,16.299999237060547,15.399999618530273,16.149999618530273,1118800
2020-09-23,14.899999618530273,16.200000762939453,14.84000015258789,16.200000762939453,1332900
2020-09-24,14.699999809265137,14.899999618530273,14.319999694824219,14.680000305175781,1580400
2020-09-25,14.84000015258789,15.170000076293945,14.399999618530273,14.739999771118164,2115300
2020-09-28,14.90999984741211,15.289999961853027,14.619999885559082,15.039999961853027,1343000
2020-09-29,14.59000015258789,15.180000305175781,14.4399995803833,14.869999885559082,911400
2020-09-30,14.600000381469727,15.020000457763672,14.390000343322754,14.619999885559082,1168600
2020-10-01,14.489999771118164,14.829000473022461,14.25,14.630000114440918,798300
2020-10-02,14.229999542236328,14.649999618530273,14.180000305175781,14.25,1023500
2020-10-05,14.880000114440918,15.020000457763672,14.239999771118164,14.329999923706055,815000
2020-10-06,14.460000038146973,15.069999694824219,14.380000114440918,14.899999618530273,745400
2020-10-07,14.630000114440918,14.729999542236328,14.319999694824219,14.4399995803833,793000
2020-10-08,14.59000015258789,14.949999809265137,14.425000190734863,14.829999923706055,703700
2020-10-09,14.829999923706055,15.039999961853027,14.319999694824219,14.789999961853027,1141600
2020-10-12,15.109999656677246,15.260000228881836,14.680000305175781,15.15999984741211,1148800
2020-10-13,15.75,17.200000762939453,14.800000190734863,14.800000190734863,1514600
2020-10-14,15.899999618530273,16.34000015258789,15.5,15.680000305175781,1063500
2020-10-15,15.6899995803833,15.819999694824219,15.220000267028809,15.6899995803833,851400
2020-10-16,15.800000190734863,15.949999809265137,15.359999656677246,15.65999984741211,880800
2020-10-19,15.279999732971191,16.06999969482422,15.140000343322754,15.960000038146973,857200
2020-10-20,14.789999961853027,15.380000114440918,14.640000343322754,15.380000114440918,1566100
2020-10-21,15.220000267028809,16.020000457763672,14.579999923706055,14.649999618530273,1610400
2020-10-22,15.430000305175781,15.539999961853027,14.899999618530273,15.220000267028809,794000
2020-10-23,15.760000228881836,15.890000343322754,15.229999542236328,15.479999542236328,610500
2020-10-26,15.84000015258789,16.1299991607666,15.40999984741211,15.619999885559082,742700
2020-10-27,16.440000534057617,17.06999969482422,15.579999923706055,15.890000343322754,1291300
2020-10-28,15.479999542236328,16.239999771118164,15.100000381469727,15.9399995803833,1286500
2020-10-29,15.600000381469727,15.819999694824219,15.154999732971191,15.265000343322754,939600
2020-10-30,14.819999694824219,15.579999923706055,14.65999984741211,15.579999923706055,1092700
2020-11-02,14.5,15.109999656677246,13.8100004196167,14.920000076293945,2636900
2020-11-03,14.239999771118164,15.1899995803833,14.210000038146973,15.0,3627800
2020-11-04,15.1899995803833,15.289999961853027,14.1899995803833,14.34000015258789,1991600
2020-11-05,14.920000076293945,15.539999961853027,14.800000190734863,15.470000267028809,1023900
2020-11-06,14.149999618530273,14.850000381469727,14.020000457763672,14.390000343322754,1478500
2020-11-09,14.579999923706055,14.9399995803833,14.069999694824219,14.569999694824219,1291100
2020-11-10,15.609999656677246,15.65999984741211,14.399999618530273,14.729999542236328,1001300
2020-11-11,15.25,15.90999984741211,15.029999732971191,15.770000457763672,776200
2020-11-12,14.979999542236328,15.260000228881836,14.739999771118164,15.260000228881836,694000
2020-11-13,15.359999656677246,15.777000427246094,15.119999885559082,15.119999885559082,1291200
2020-11-16,16.209999084472656,16.350000381469727,15.420000076293945,15.670000076293945,1870900
2020-11-17,16.299999237060547,16.459999084472656,15.420000076293945,16.149999618530273,1107600
2020-11-18,15.720000267028809,16.459999084472656,15.6899995803833,16.459999084472656,777000
2020-11-19,15.640000343322754,15.989999771118164,15.4399995803833,15.680000305175781,828100
2020-11-20,15.609999656677246,15.84000015258789,15.119999885559082,15.520000457763672,1518400
2020-11-23,15.149999618530273,15.949999809265137,15.09000015258789,15.800000190734863,1254700
2020-11-24,15.220000267028809,15.425000190734863,14.760000228881836,15.289999961853027,1061000
2020-11-25,14.75,15.539999961853027,14.699999809265137,15.289999961853027,1335900
2020-11-27,15.140000343322754,15.329999923706055,14.640000343322754,14.800000190734863,1169400
2020-11-30,16.989999771118164,17.0,16.0,16.0,4436900
2020-12-01,16.920000076293945,17.940000534057617,16.799999237060547,17.350000381469727,3840200
2020-12-02,17.190000534057617,17.299999237060547,16.434999465942383,16.770000457763672,1590900
2020-12-03,16.6200008392334,17.559999465942383,16.540000915527344,17.43000030517578,2424100
2020-12-04,16.290000915527344,16.899999618530273,16.049999237060547,16.690000534057617,1614000
2020-12-07,15.529999732971191,16.49799919128418,15.4350004196167,16.49799919128418,1986600
2020-12-08,15.90999984741211,15.979999542236328,15.5600004196167,15.859999656677246,1668400
2020-12-09,15.390000343322754,16.1299991607666,15.010000228881836,15.930000305175781,1698600
2020-12-10,15.289999961853027,15.779999732971191,15.170000076293945,15.260000228881836,1445300
2020-12-11,15.359999656677246,15.539999961853027,15.100000381469727,15.25,1860600
2020-12-14,15.569999694824219,15.885000228881836,15.390000343322754,15.781999588012695,2189400
2020-12-15,14.949999809265137,15.739999771118164,14.75,15.614999771118164,3039400
2020-12-16,14.640000343322754,15.045000076293945,14.34000015258789,14.960000038146973,2420100
2020-12-17,15.199999809265137,15.199999809265137,14.649999618530273,14.75,1395000
2020-12-18,16.469999313354492,18.0,14.970000267028809,15.220000267028809,11672500
2020-12-21,16.360000610351562,17.1299991607666,16.209999084472656,16.90999984741211,4770900
2020-12-22,17.110000610351562,17.38800048828125,16.299999237060547,16.399999618530273,4103100
2020-12-23,16.440000534057617,17.190000534057617,16.329999923706055,17.18000030517578,2882100
2020-12-24,15.949999809265137,16.610000610351562,15.890000343322754,16.520000457763672,1256400
2020-12-28,15.420000076293945,16.190000534057617,15.350000381469727,16.020000457763672,2298200
2020-12-29,14.75,15.550000190734863,14.729999542236328,15.380000114440918,3118600
2020-12-30,15.300000190734863,15.380000114440918,14.800000190734863,14.850000381469727,1603700
2020-12-31,15.479999542236328,15.59000015258789,14.619999885559082,15.300000190734863,2835700
2021-01-04,16.920000076293945,16.989999771118164,15.34000015258789,15.369999885559082,2919300
2021-01-05,17.690000534057617,18.0,16.635000228881836,16.739999771118164,3202000
2021-01-06,17.079999923706055,17.72800064086914,16.770000457763672,17.510000228881836,1989300
2021-01-07,17.219999313354492,17.809999465942383,17.010000228881836,17.34000015258789,2655500
2021-01-08,17.579999923706055,17.920000076293945,17.110000610351562,17.280000686645508,1340100
2021-01-11,16.06999969482422,16.8700008392334,15.90999984741211,16.209999084472656,3252500
2021-01-12,15.380000114440918,16.139999389648438,15.350000381469727,16.0,3129700
2021-01-13,15.109999656677246,15.619999885559082,14.979999542236328,15.600000381469727,2961300
2021-01-14,15.319999694824219,15.960000038146973,15.229999542236328,15.329999923706055,2293200
2021-01-15,14.9399995803833,15.390000343322754,14.86400032043457,15.270000457763672,2338500
2021-01-19,15.079999923706055,15.4399995803833,14.9399995803833,15.210000038146973,2121200
2021-01-20,15.329999923706055,15.420000076293945,14.961000442504883,15.109999656677246,2257300
2021-01-21,15.0600004196167,15.479999542236328,14.859999656677246,15.399999618530273,2278700
2021-01-22,15.09000015258789,15.25,14.859000205993652,15.020000457763672,1725700
2021-01-25,15.710000038146973,15.710000038146973,14.420000076293945,15.0,3080900
2021-01-26,15.739999771118164,16.1200008392334,15.470000267028809,15.770000457763672,2561900
2021-01-27,15.569999694824219,17.350000381469727,15.399999618530273,15.619999885559082,7251500
2021-01-28,15.0,16.15999984741211,14.920000076293945,15.5,3871700
2021-01-29,15.229999542236328,15.579999923706055,14.829999923706055,15.40999984741211,2561200
2021-02-01,15.399999618530273,15.430000305175781,14.829999923706055,15.25,2344600
2021-02-02,14.680000305175781,15.579999923706055,14.5600004196167,15.569999694824219,5659900
2021-02-03,14.760000228881836,15.067999839782715,14.630000114440918,14.710000038146973,2650300
2021-02-04,14.600000381469727,15.149999618530273,14.5600004196167,15.0,4302500
2021-02-05,16.174999237060547,16.280000686645508,15.15999984741211,15.399999618530273,7367800
2021-02-08,16.239999771118164,16.270000457763672,15.720000267028809,16.200000762939453,2372000
2021-02-09,16.90999984741211,17.389999389648438,16.09000015258789,16.219999313354492,4349200
2021-02-10,15.869999885559082,17.170000076293945,15.84000015258789,17.049999237060547,3076200
2021-02-11,15.350000381469727,16.049999237060547,15.050000190734863,15.720000267028809,3701800
2021-02-12,15.220000267028809,15.6899995803833,15.059000015258789,15.300000190734863,2166800
2021-02-16,15.039999961853027,15.380000114440918,14.760000228881836,15.380000114440918,2875900
2021-02-17,15.050000190734863,15.229999542236328,14.631999969482422,15.020000457763672,3071800
2021-02-18,14.800000190734863,15.104999542236328,14.65999984741211,14.949999809265137,2377200
2021-02-19,15.109999656677246,15.399999618530273,14.649999618530273,14.899999618530273,2699800
2021-02-22,14.920000076293945,15.3100004196167,14.859999656677246,15.0,2981600
2021-02-23,14.59000015258789,14.920000076293945,14.265999794006348,14.6899995803833,2992400
2021-02-24,14.800000190734863,14.930000305175781,14.510000228881836,14.720000267028809,1242600
2021-02-25,14.5600004196167,15.149999618530273,14.449999809265137,14.776000022888184,1550800
2021-02-26,13.819999694824219,14.84000015258789,13.720000267028809,14.609999656677246,2921700
2021-03-01,13.75,14.130000114440918,13.600000381469727,14.109999656677246,1904500
2021-03-02,13.1899995803833,13.779999732971191,13.170000076293945,13.710000038146973,2611100
2021-03-03,12.34000015258789,13.210000038146973,12.319999694824219,13.149999618530273,3165600
2021-03-04,11.59000015258789,12.520000457763672,11.460000038146973,12.220000267028809,3014100
2021-03-05,11.630000114440918,11.699999809265137,10.569999694824219,11.670000076293945,2838300
2021-03-08,11.09000015258789,11.869999885559082,11.069999694824219,11.65999984741211,1629100
2021-03-09,11.479999542236328,11.829999923706055,11.319999694824219,11.5,3636000
2021-03-10,11.829999923706055,11.859000205993652,11.350000381469727,11.710000038146973,1684900
2021-03-11,12.510000228881836,12.609999656677246,11.90999984741211,12.050000190734863,2669700
2021-03-12,12.3100004196167,12.345000267028809,11.930000305175781,12.289999961853027,1727100
2021-03-15,12.5600004196167,12.729999542236328,12.100000381469727,12.270000457763672,1469200
2021-03-16,12.505000114440918,12.84000015258789,12.255000114440918,12.609999656677246,1520600
2021-03-17,12.550000190734863,12.59000015258789,12.09000015258789,12.34000015258789,1095300
2021-03-18,12.039999961853027,12.5600004196167,11.960000038146973,12.550000190734863,1388400
2021-03-19,12.0600004196167,12.289999961853027,11.779999732971191,12.164999961853027,2934200
2021-03-22,11.800000190734863,12.25,11.800000190734863,11.989999771118164,1550100
2021-03-23,11.010000228881836,11.6899995803833,10.9399995803833,11.649999618530273,2022900
2021-03-24,10.300000190734863,11.1899995803833,10.279999732971191,11.100000381469727,2063100
2021-03-25,10.649999618530273,10.65999984741211,10.149999618530273,10.25,2785300
2021-03-26,10.300000190734863,10.899999618530273,10.119999885559082,10.880000114440918,2841600
2021-03-29,9.850000381469727,10.380000114440918,9.789999961853027,10.300000190734863,2945100
2021-03-30,9.954999923706055,10.239999771118164,9.75,9.75,2133100
2021-03-31,10.520000457763672,10.609999656677246,10.0,10.0,1621300
2021-04-01,10.84000015258789,11.050000190734863,10.489999771118164,10.699999809265137,1378400
2021-04-05,11.109999656677246,11.170000076293945,10.744999885559082,10.84000015258789,1241300
2021-04-06,10.470000267028809,11.170000076293945,10.449999809265137,11.140000343322754,1387400
2021-04-07,10.239999771118164,10.664999961853027,10.220000267028809,10.470000267028809,1046500
2021-04-08,10.140000343322754,10.4399995803833,10.079999923706055,10.329999923706055,843600
2021-04-09,10.020000457763672,10.220000267028809,9.890000343322754,10.069999694824219,1084400
2021-04-12,9.960000038146973,10.109999656677246,9.770000457763672,9.979999542236328,1201400
2021-04-13,10.100000381469727,10.119999885559082,9.725000381469727,9.970000267028809,1245100
2021-04-14,10.199999809265137,10.710000038146973,10.149999618530273,10.1899995803833,2067100
2021-04-15,9.6899995803833,10.380000114440918,9.640000343322754,10.239999771118164,4115900
2021-04-16,9.710000038146973,9.949999809265137,9.529999732971191,9.664999961853027,1403000
2021-04-19,9.229999542236328,9.699999809265137,9.220000267028809,9.670000076293945,1506000
2021-04-20,9.4399995803833,9.470000267028809,8.960000038146973,9.119999885559082,2802400
2021-04-21,9.59000015258789,9.59000015258789,9.199999809265137,9.329999923706055,1271800
2021-04-22,9.619999885559082,9.890000343322754,9.449999809265137,9.630000114440918,1703100
2021-04-23,9.390000343322754,9.770000457763672,9.279999732971191,9.649999618530273,1573900
2021-04-26,9.8100004196167,9.859999656677246,9.359999656677246,9.380000114440918,1608700
2021-04-27,9.640000343322754,10.130000114440918,9.579999923706055,9.880000114440918,1099900
2021-04-28,9.630000114440918,9.710000038146973,9.354999542236328,9.539999961853027,871500
2021-04-29,9.5600004196167,9.774999618530273,9.460000038146973,9.729999542236328,921800
2021-04-30,9.34000015258789,9.694999694824219,9.229999542236328,9.425000190734863,1649100
2021-05-03,9.4399995803833,9.550000190734863,8.930000305175781,9.194000244140625,3602500
2021-05-04,8.479999542236328,9.34000015258789,8.430000305175781,9.25,3768300
2021-05-05,8.109999656677246,8.75,8.100000381469727,8.529000282287598,2905500
2021-05-06,8.140000343322754,8.229999542236328,7.78000020980835,8.140000343322754,2959400
2021-05-07,8.395000457763672,8.779999732971191,8.199999809265137,8.25,1951500
2021-05-10,8.1899995803833,8.399999618530273,8.149999618530273,8.329999923706055,1180000
2021-05-11,8.78499984741211,8.960000038146973,8.119999885559082,8.17300033569336,2408100
2021-05-12,8.84000015258789,9.164999961853027,8.630000114440918,8.699999809265137,2533900
2021-05-13,9.3100004196167,9.449999809265137,8.654999732971191,8.869999885559082,3547300
2021-05-14,9.180000305175781,9.369999885559082,8.880000114440918,9.220000267028809,1848800
2021-05-17,9.100000381469727,9.479999542236328,9.005000114440918,9.109999656677246,1322300
2021-05-18,9.34000015258789,9.569999694824219,9.020000457763672,9.109999656677246,1351200
2021-05-19,9.119999885559082,9.390000343322754,9.0600004196167,9.289999961853027,881700
2021-05-20,9.529999732971191,9.829999923706055,9.119999885559082,9.170000076293945,1563800
2021-05-21,9.420000076293945,9.670000076293945,9.420000076293945,9.5600004196167,965100
2021-05-24,9.270000457763672,9.5600004196167,9.199999809265137,9.449999809265137,879800
2021-05-25,9.020000457763672,9.329999923706055,8.979999542236328,9.270000457763672,1557800
2021-05-26,9.319999694824219,9.34000015258789,9.020000457763672,9.079999923706055,1471300
2021-05-27,9.329999923706055,9.390000343322754,9.199999809265137,9.359999656677246,958200
2021-05-28,9.279999732971191,9.569999694824219,9.239999771118164,9.350000381469727,769800
2021-06-01,9.149999618530273,9.4399995803833,9.100000381469727,9.270000457763672,835700
2021-06-02,9.260000228881836,9.59000015258789,8.994999885559082,9.289999961853027,1569800
2021-06-03,9.25,9.399999618530273,9.079999923706055,9.260000228881836,826100
2021-06-04,8.960000038146973,9.329999923706055,8.880000114440918,9.1899995803833,1407800
2021-06-07,9.40999984741211,9.489999771118164,8.979999542236328,9.050000190734863,1830400
2021-06-08,9.430000305175781,9.602999687194824,9.279999732971191,9.449999809265137,958500
2021-06-09,10.020000457763672,10.25,9.569999694824219,9.569999694824219,2510900
2021-06-10,10.550000190734863,10.550000190734863,9.859999656677246,10.109999656677246,1890400
2021-06-11,10.319999694824219,10.729999542236328,10.16100025177002,10.720000267028809,1504400
2021-06-14,10.3100004196167,10.649999618530273,10.069000244140625,10.380000114440918,1576000
2021-06-15,10.010000228881836,10.350000381469727,9.90999984741211,10.34000015258789,1160800
2021-06-16,10.029999732971191,10.229999542236328,9.729999542236328,9.949999809265137,962200
2021-06-17,10.5,10.555000305175781,9.949999809265137,9.949999809265137,2832500
2021-06-18,10.579999923706055,10.65999984741211,10.329999923706055,10.5,2035300
2021-06-21,10.569999694824219,10.649999618530273,10.369999885559082,10.600000381469727,1914600
2021-06-22,10.430000305175781,10.619999885559082,10.170000076293945,10.369999885559082,824200
2021-06-23,10.350000381469727,10.600000381469727,10.260000228881836,10.399999618530273,962200
2021-06-24,10.8100004196167,10.9350004196167,10.475000381469727,10.539999961853027,1227000
2021-06-25,10.989999771118164,11.0,10.664999961853027,10.920000076293945,1931400
2021-06-28,10.699999809265137,11.180000305175781,10.609999656677246,11.09000015258789,1301900
2021-06-29,10.270000457763672,10.710000038146973,10.229999542236328,10.710000038146973,981500
2021-06-30,10.319999694824219,10.399999618530273,10.130000114440918,10.289999961853027,978300
2021-07-01,10.630000114440918,10.630000114440918,10.199999809265137,10.319999694824219,868800
2021-07-02,10.510000228881836,10.640000343322754,10.319999694824219,10.640000343322754,759000
2021-07-06,10.109999656677246,10.630000114440918,10.074999809265137,10.600000381469727,973100
2021-07-07,10.069999694824219,10.220000267028809,9.859999656677246,10.010000228881836,1256300
2021-07-08,10.170000076293945,10.270000457763672,9.670000076293945,9.770000457763672,911900
2021-07-09,10.0600004196167,10.229999542236328,9.90999984741211,10.180000305175781,989900
2021-07-12,9.729999542236328,10.218999862670898,9.720000267028809,10.069999694824219,934300
2021-07-13,9.34000015258789,9.699999809265137,9.3149995803833,9.640000343322754,1110300
2021-07-14,8.890000343322754,9.390000343322754,8.850000381469727,9.369999885559082,1504500
2021-07-15,9.1899995803833,9.199999809265137,8.819999694824219,8.90999984741211,1530800
2021-07-16,9.25,9.40999984741211,9.130000114440918,9.170000076293945,1162500
2021-07-19,9.0,9.180000305175781,8.84000015258789,9.0,1454700
2021-07-20,9.350000381469727,9.350000381469727,9.0,9.020000457763672,1037300
2021-07-21,9.359999656677246,9.420000076293945,9.149999618530273,9.350000381469727,496800
2021-07-22,9.029999732971191,9.345999717712402,9.010000228881836,9.3100004196167,539700
2021-07-23,8.84000015258789,9.079999923706055,8.819999694824219,9.0600004196167,486200
2021-07-26,8.550000190734863,8.90999984741211,8.539999961853027,8.84000015258789,687500
2021-07-27,8.479999542236328,8.640000343322754,8.180000305175781,8.510000228881836,934000
2021-07-28,8.789999961853027,8.819999694824219,8.51200008392334,8.529999732971191,689100
2021-07-29,8.369999885559082,8.909000396728516,8.354999542236328,8.770000457763672,934100
2021-07-30,8.329999923706055,8.460000038146973,8.270000457763672,8.319999694824219,720300
2021-08-02,8.420000076293945,8.569999694824219,8.329999923706055,8.369999885559082,1018600
2021-08-03,7.769999980926514,8.479999542236328,7.675000190734863,8.449999809265137,2188300
2021-08-04,7.820000171661377,8.039999961853027,7.610000133514404,7.739999771118164,1524000
2021-08-05,5.929999828338623,6.449999809265137,5.760000228881836,6.019999980926514,6918600
2021-08-06,5.519999980926514,5.913000106811523,5.380000114440918,5.909999847412109,4607300
2021-08-09,5.570000171661377,5.650000095367432,5.420000076293945,5.510000228881836,2561200
2021-08-10,5.539999961853027,5.619999885559082,5.300000190734863,5.559999942779541,2552900
2021-08-11,5.230000019073486,5.534999847412109,5.199999809265137,5.510000228881836,2497700
2021-08-12,4.820000171661377,5.224999904632568,4.78000020980835,5.179999828338623,2658900
2021-08-13,4.880000114440918,5.139999866485596,4.829999923706055,4.829999923706055,2415900
2021-08-16,4.630000114440918,4.900000095367432,4.625,4.829999923706055,2069500
2021-08-17,4.849999904632568,4.849999904632568,4.514999866485596,4.570000171661377,2043200
2021-08-18,4.730000019073486,4.914999961853027,4.585000038146973,4.9079999923706055,1562400
2021-08-19,4.449999809265137,4.71999979019165,4.440000057220459,4.699999809265137,1617300
2021-08-20,4.630000114440918,4.730000019073486,4.420000076293945,4.429999828338623,1391300
2021-08-23,5.170000076293945,5.179999828338623,4.639999866485596,4.71999979019165,1817100
2021-08-24,5.059999942779541,5.255000114440918,4.849999904632568,5.25,1462600
2021-08-25,5.210000038146973,5.400000095367432,5.010000228881836,5.059999942779541,1223600
2021-08-26,5.119999885559082,5.295000076293945,5.099999904632568,5.179999828338623,980500
2021-08-27,5.599999904632568,5.760000228881836,5.039999961853027,5.110000133514404,1821600
2021-08-30,5.46999979019165,5.710000038146973,5.440000057220459,5.590000152587891,1439500
2021-08-31,5.800000190734863,5.800000190734863,5.489999771118164,5.489999771118164,1005600
2021-09-01,5.849999904632568,5.849999904632568,5.695000171661377,5.800000190734863,1067700
2021-09-02,5.849999904632568,6.010000228881836,5.760000228881836,5.929999828338623,1087400
2021-09-03,5.699999809265137,5.860000133514404,5.579999923706055,5.849999904632568,1131900
2021-09-07,5.650000095367432,5.909999847412109,5.460000038146973,5.734000205993652,1389000
2021-09-08,5.650000095367432,5.710000038146973,5.480000019073486,5.630000114440918,1150700
2021-09-09,5.739999771118164,5.864999771118164,5.579999923706055,5.599999904632568,915600
2021-09-10,5.789999961853027,5.840000152587891,5.539999961853027,5.75,1070500
2021-09-13,5.989999771118164,6.135000228881836,5.684999942779541,5.809999942779541,2386300
2021-09-14,5.590000152587891,6.054999828338623,5.539999961853027,5.989999771118164,1152500
2021-09-15,5.679999828338623,5.940000057220459,5.539999961853027,5.539999961853027,1447800
2021-09-16,5.800000190734863,5.820000171661377,5.505000114440918,5.690000057220459,1058000
2021-09-17,6.070000171661377,6.099999904632568,5.65500020980835,5.820000171661377,3376500
2021-09-20,6.090000152587891,6.289999961853027,5.78000020980835,5.880000114440918,1879600
2021-09-21,6.190000057220459,6.300000190734863,5.909999847412109,6.059999942779541,1492000
2021-09-22,6.110000133514404,6.269999980926514,5.989999771118164,6.269999980926514,876900
2021-09-23,6.309999942779541,6.309999942779541,5.880000114440918,6.139999866485596,1006800
2021-09-24,6.260000228881836,6.489999771118164,6.179999828338623,6.25,1059800
2021-09-27,6.519999980926514,6.570000171661377,6.159999847412109,6.21999979019165,1042900
2021-09-28,6.090000152587891,6.46999979019165,6.065000057220459,6.46999979019165,1485700
2021-09-29,5.889999866485596,6.199999809265137,5.875,6.119999885559082,1103300
2021-09-30,5.820000171661377,5.960000038146973,5.809999942779541,5.900000095367432,944600
2021-10-01,5.900000095367432,5.989999771118164,5.71999979019165,5.829999923706055,1036100
2021-10-04,5.730000019073486,5.949999809265137,5.699999809265137,5.860000133514404,1025200
2021-10-05,5.769999980926514,5.875,5.565000057220459,5.730000019073486,1007100
2021-10-06,5.75,5.820000171661377,5.614999771118164,5.699999809265137,868400
2021-10-07,5.760000228881836,5.909999847412109,5.690000057220459,5.75,945100
2021-10-08,5.699999809265137,5.820000171661377,5.659999847412109,5.75,665000
2021-10-11,5.909999847412109,5.960000038146973,5.639999866485596,5.71999979019165,1078700
2021-10-12,5.829999923706055,5.994999885559082,5.789999961853027,5.880000114440918,984400
2021-10-13,5.869999885559082,5.900000095367432,5.679999828338623,5.820000171661377,1153800
2021-10-14,5.900000095367432,6.014999866485596,5.840000152587891,5.96999979019165,1154600
2021-10-15,5.590000152587891,5.949999809265137,5.565000057220459,5.949999809265137,1340100
2021-10-18,5.289999961853027,5.579999923706055,5.21999979019165,5.579999923706055,1472800
2021-10-19,5.449999809265137,5.539999961853027,5.230999946594238,5.360000133514404,2161600
2021-10-20,5.309999942779541,5.539999961853027,5.269999980926514,5.409999847412109,1032200
2021-10-21,5.380000114440918,5.465000152587891,5.28000020980835,5.349999904632568,555600
2021-10-22,5.269999980926514,5.335000038146973,5.139999866485596,5.300000190734863,1057500
2021-10-25,5.21999979019165,5.340000152587891,5.184999942779541,5.300000190734863,630100
2021-10-26,5.210000038146973,5.445000171661377,5.139999866485596,5.239999771118164,941900
2021-10-27,5.210000038146973,5.284999847412109,5.150000095367432,5.170000076293945,658100
2021-10-28,5.559999942779541,5.599999904632568,5.150000095367432,5.239999771118164,1134700
2021-10-29,5.460000038146973,5.650000095367432,5.409999847412109,5.619999885559082,757600
2021-11-01,5.820000171661377,5.829999923706055,5.46999979019165,5.480000019073486,1169500
2021-11-02,5.78000020980835,5.869999885559082,5.668000221252441,5.869999885559082,1513000
2021-11-03,7.940000057220459,8.074999809265137,6.0,6.03000020980835,24494300
2021-11-04,7.96999979019165,8.420000076293945,7.300000190734863,7.480000019073486,5065100
2021-11-05,8.40999984741211,8.420000076293945,7.920000076293945,7.96999979019165,2816500
2021-11-08,8.1899995803833,8.439000129699707,8.0,8.399999618530273,1929300
2021-11-09,8.399999618530273,8.5600004196167,8.170000076293945,8.199999809265137,1647200
2021-11-10,8.100000381469727,8.699999809265137,8.0600004196167,8.399999618530273,1620400
2021-11-11,8.369999885559082,8.430000305175781,8.0,8.039999961853027,2092500
2021-11-12,8.489999771118164,8.59000015258789,8.229999542236328,8.40999984741211,948200
2021-11-15,8.119999885559082,8.609999656677246,8.079999923706055,8.579999923706055,1286500
2021-11-16,8.609999656677246,8.640000343322754,7.940000057220459,8.0,2249000
2021-11-17,8.289999961853027,8.579999923706055,8.289999961853027,8.579999923706055,1159500
2021-11-18,8.239999771118164,8.4399995803833,8.135000228881836,8.359999656677246,1293600
2021-11-19,7.570000171661377,7.849999904632568,7.224999904632568,7.800000190734863,2488000
2021-11-22,7.550000190734863,7.809999942779541,7.349999904632568,7.550000190734863,1517000
2021-11-23,7.690000057220459,7.739999771118164,7.164999961853027,7.550000190734863,1737800
2021-11-24,7.699999809265137,7.800000190734863,7.449999809265137,7.610000133514404,1035200
2021-11-26,7.269999980926514,7.659999847412109,7.039999961853027,7.510000228881836,1276100
2021-11-29,6.849999904632568,7.400000095367432,6.820000171661377,7.400000095367432,1869700
2021-11-30,6.949999809265137,7.110000133514404,6.605000019073486,6.800000190734863,2597000
2021-12-01,6.690000057220459,7.239999771118164,6.679999828338623,7.050000190734863,1516000
2021-12-02,7.28000020980835,7.28000020980835,6.610000133514404,7.0,1685900
2021-12-03,6.71999979019165,7.289999961853027,6.659999847412109,7.289999961853027,1846100
2021-12-06,6.71999979019165,6.840000152587891,6.409999847412109,6.610000133514404,1296300
2021-12-07,7.260000228881836,7.5,6.809999942779541,6.849999904632568,2986500
2021-12-08,7.159999847412109,7.309999942779541,7.0,7.28000020980835,1533800
2021-12-09,6.460000038146973,7.340000152587891,6.440000057220459,7.179999828338623,2314000
2021-12-10,5.989999771118164,6.480000019073486,5.925000190734863,6.480000019073486,2360100
2021-12-13,6.039999961853027,6.139999866485596,5.699999809265137,5.96999979019165,3647000
2021-12-14,5.789999961853027,6.059999942779541,5.71999979019165,6.059999942779541,2674200
2021-12-15,6.25,6.260000228881836,5.559999942779541,5.840000152587891,2644100
2021-12-16,6.0,6.300000190734863,5.824999809265137,6.289999961853027,1818500
2021-12-17,6.150000095367432,6.429999828338623,5.880000114440918,5.90500020980835,9641500
2021-12-20,6.360000133514404,6.480000019073486,5.880000114440918,6.170000076293945,1870600
2021-12-21,6.650000095367432,6.775000095367432,6.179999828338623,6.25,2798600
2021-12-22,7.130000114440918,7.195000171661377,6.574999809265137,6.610000133514404,1846200
2021-12-23,7.349999904632568,7.480000019073486,7.070000171661377,7.119999885559082,1167700
2021-12-27,7.099999904632568,7.420000076293945,7.079999923706055,7.349999904632568,1380500
2021-12-28,6.880000114440918,7.269999980926514,6.860000133514404,7.050000190734863,1611800
2021-12-29,6.739999771118164,7.0,6.644999980926514,6.900000095367432,1413300
2021-12-30,6.71999979019165,7.0,6.630000114440918,6.699999809265137,1185900
2021-12-31,6.429999828338623,6.849999904632568,6.409999847412109,6.690000057220459,1336200
2022-01-03,7.099999904632568,7.114999771118164,6.420000076293945,6.489999771118164,1809700
2022-01-04,7.369999885559082,7.579999923706055,7.039999961853027,7.179999828338623,2461400
2022-01-05,7.019999980926514,7.550000190734863,6.989999771118164,7.309999942779541,1846700
2022-01-06,7.239999771118164,7.264999866485596,6.659999847412109,7.010000228881836,1700400
2022-01-07,7.059999942779541,7.429999828338623,6.980000019073486,7.340000152587891,1965600
2022-01-10,7.760000228881836,7.800000190734863,6.941999912261963,7.0,2455000
2022-01-11,8.4399995803833,8.449999809265137,7.730000019073486,7.75,1974300
2022-01-12,8.350000381469727,8.579999923706055,8.239999771118164,8.470000267028809,3073900
2022-01-13,8.029999732971191,8.579999923706055,8.020000457763672,8.380000114440918,2031400
2022-01-14,8.039999961853027,8.069999694824219,7.46999979019165,7.909999847412109,2299200
2022-01-18,7.539999961853027,8.050000190734863,7.53000020980835,7.800000190734863,2244000
2022-01-19,7.460000038146973,7.869999885559082,7.394999980926514,7.579999923706055,1438100
2022-01-20,7.730000019073486,8.289999961853027,7.489999771118164,7.599999904632568,1638100
2022-01-21,8.279999732971191,8.460000038146973,7.630000114440918,7.630000114440918,2476600
2022-01-24,8.529999732971191,8.574999809265137,7.650000095367432,8.039999961853027,2622100
2022-01-25,8.579999923706055,8.789999961853027,8.260000228881836,8.350000381469727,2573600
2022-01-26,8.680000305175781,9.220000267028809,8.180000305175781,8.859999656677246,3553100
2022-01-27,7.824999809265137,8.800000190734863,7.809999942779541,8.720000267028809,1945400
2022-01-28,8.539999961853027,8.539999961853027,7.809999942779541,7.869999885559082,2736300
2022-01-31,8.899999618530273,8.914999961853027,8.069999694824219,8.25,1974600
2022-02-01,9.229999542236328,9.319999694824219,8.699999809265137,8.899999618530273,4518600
2022-02-02,9.020000457763672,9.34000015258789,8.920000076293945,9.09000015258789,1845900
2022-02-03,9.039999961853027,9.220000267028809,8.890000343322754,8.949999809265137,1872000
2022-02-04,9.739999771118164,9.789999961853027,8.859999656677246,9.029999732971191,3276400
2022-02-07,10.239999771118164,10.300000190734863,9.600000381469727,9.779999732971191,3428100
2022-02-08,8.1899995803833,9.0,7.660999774932861,8.550000190734863,8983500
2022-02-09,9.0600004196167,9.539999961853027,8.539999961853027,8.619999885559082,4656300
2022-02-10,9.109999656677246,9.819999694824219,8.600000381469727,8.630000114440918,4164300
2022-02-11,10.220000267028809,10.279999732971191,9.149999618530273,9.210000038146973,5403400
2022-02-14,11.079999923706055,11.300000190734863,10.25,10.300000190734863,6888300
2022-02-15,11.710000038146973,11.779999732971191,10.899999618530273,11.279999732971191,4976700
2022-02-16,12.079999923706055,12.149999618530273,11.380000114440918,11.760000228881836,3618300
2022-02-17,12.0,12.4399995803833,11.829999923706055,12.0,2556500
2022-02-18,14.380000114440918,14.729999542236328,12.3100004196167,12.390000343322754,17820900
2022-02-22,10.289999961853027,11.59000015258789,9.789999961853027,10.9350004196167,15324100
2022-02-23,10.5,11.0,10.282999992370605,10.390000343322754,4800400
2022-02-24,10.800000190734863,10.989999771118164,9.90999984741211,10.0,4998800
2022-02-25,10.489999771118164,10.9399995803833,10.074999809265137,10.829999923706055,3274400
2022-02-28,10.329999923706055,10.510000228881836,10.039999961853027,10.5,2668200
2022-03-01,10.390000343322754,10.710000038146973,10.199999809265137,10.460000038146973,2736700
2022-03-02,6.260000228881836,7.599999904632568,6.059999942779541,7.46999979019165,13245200
2022-03-03,6.260000228881836,6.53000020980835,5.949999809265137,6.329999923706055,6629600
2022-03-04,5.909999847412109,6.389999866485596,5.829999923706055,6.150000095367432,3546900
2022-03-07,6.059999942779541,6.349999904632568,5.85099983215332,5.869999885559082,2393200
2022-03-08,5.949999809265137,6.269999980926514,5.809999942779541,5.960000038146973,2780000
2022-03-09,6.579999923706055,6.579999923706055,5.980000019073486,6.0,2402500
2022-03-10,6.489999771118164,6.949999809265137,6.429999828338623,6.489999771118164,2374100
2022-03-11,6.329999923706055,6.679999828338623,6.320000171661377,6.46999979019165,2404000
2022-03-14,6.090000152587891,6.864999771118164,5.985000133514404,6.269999980926514,3489400
2022-03-15,6.21999979019165,6.440000057220459,6.0,6.070000171661377,2083600
2022-03-16,6.670000076293945,6.815000057220459,6.25,6.269999980926514,4490500
2022-03-17,6.900000095367432,6.914999961853027,6.610000133514404,6.710000038146973,2102100
2022-03-18,7.179999828338623,7.260000228881836,6.820000171661377,6.840000152587891,12814900
2022-03-21,6.550000190734863,7.239999771118164,6.460000038146973,7.179999828338623,3087000
2022-03-22,7.130000114440918,7.150000095367432,6.349999904632568,6.53000020980835,2635700
2022-03-23,7.460000038146973,7.748000144958496,7.059999942779541,7.090000152587891,2466100
2022-03-24,7.769999980926514,7.78000020980835,7.269999980926514,7.579999923706055,2147100
2022-03-25,7.309999942779541,7.769999980926514,7.264999866485596,7.769999980926514,1529800
2022-03-28,7.239999771118164,7.539999961853027,7.110000133514404,7.300000190734863,1204900
2022-03-29,7.710000038146973,7.800000190734863,7.289999961853027,7.360000133514404,1944900
2022-03-30,7.349999904632568,7.949999809265137,7.315000057220459,7.639999866485596,2189800
2022-03-31,7.369999885559082,7.835000038146973,7.360000133514404,7.400000095367432,2007100
2022-04-01,8.0600004196167,8.15999984741211,7.389999866485596,7.420000076293945,3344200
2022-04-04,8.369999885559082,8.46500015258789,8.010000228881836,8.0600004196167,3226500
2022-04-05,8.119999885559082,8.630000114440918,8.010000228881836,8.359999656677246,2520600
2022-04-06,8.34000015258789,8.449999809265137,8.069999694824219,8.09000015258789,2567300
2022-04-07,8.180000305175781,8.5600004196167,8.050000190734863,8.399999618530273,1904900
2022-04-08,8.100000381469727,8.350000381469727,7.610000133514404,8.119999885559082,3547800
2022-04-11,7.699999809265137,8.100000381469727,7.610000133514404,7.960000038146973,2191600
2022-04-12,7.570000171661377,7.909999847412109,7.394999980926514,7.710000038146973,2121300
2022-04-13,8.050000190734863,8.140000343322754,7.59499979019165,7.690000057220459,2245000
2022-04-14,7.800000190734863,8.15999984741211,7.784999847412109,7.989999771118164,1629700
2022-04-18,7.230000019073486,7.809999942779541,7.179999828338623,7.809999942779541,2374400
2022-04-19,7.130000114440918,7.460000038146973,7.034999847412109,7.460000038146973,1635800
2022-04-20,7.090000152587891,7.190000057220459,6.921000003814697,7.190000057220459,1175700
2022-04-21,6.710000038146973,7.21999979019165,6.65500020980835,7.150000095367432,1961700
2022-04-22,6.71999979019165,6.920000076293945,6.650000095367432,6.699999809265137,1267700
2022-04-25,6.75,6.849999904632568,6.570000171661377,6.670000076293945,1315200
2022-04-26,6.420000076293945,6.760000228881836,6.309999942779541,6.650000095367432,2995400
2022-04-27,6.400000095367432,6.579999923706055,6.269999980926514,6.324999809265137,1934600
2022-04-28,6.420000076293945,6.550000190734863,5.96999979019165,6.550000190734863,1642400
2022-04-29,6.099999904632568,6.610000133514404,6.090000152587891,6.409999847412109,2271200
2022-05-02,6.320000171661377,6.360000133514404,5.909999847412109,6.059999942779541,2718700
2022-05-03,6.449999809265137,6.550000190734863,6.260000228881836,6.349999904632568,1618900
2022-05-04,6.659999847412109,6.744999885559082,6.11899995803833,6.5,2125800
2022-05-05,6.739999771118164,6.980000019073486,5.849999904632568,6.78000020980835,5593500
2022-05-06,6.079999923706055,6.440000057220459,5.965000152587891,6.199999809265137,3296300
2022-05-09,5.050000190734863,5.940000057220459,4.989999771118164,5.940000057220459,4127300
2022-05-10,5.800000190734863,5.880000114440918,5.199999809265137,5.480000019073486,4240200
2022-05-11,5.210000038146973,5.840000152587891,5.150000095367432,5.78000020980835,2983200
2022-05-12,5.139999866485596,5.329999923706055,4.96999979019165,5.210000038146973,2668100
2022-05-13,5.340000152587891,5.40500020980835,5.039999961853027,5.320000171661377,2706600
2022-05-16,5.460000038146973,5.820000171661377,5.21999979019165,5.340000152587891,2631900
2022-05-17,5.710000038146973,5.784999847412109,5.5,5.619999885559082,2673900
2022-05-18,5.400000095367432,5.579999923706055,5.224999904632568,5.46999979019165,3931700
2022-05-19,5.650000095367432,5.730000019073486,5.300000190734863,5.440000057220459,2253900
2022-05-20,5.820000171661377,5.989999771118164,5.550000190734863,5.760000228881836,2125800
2022-05-23,5.829999923706055,6.0,5.650000095367432,5.849999904632568,1744300
2022-05-24,5.519999980926514,5.855000019073486,5.480000019073486,5.730000019073486,1722600
2022-05-25,5.619999885559082,5.820000171661377,5.40500020980835,5.579999923706055,1755700
2022-05-26,5.809999942779541,5.980000019073486,5.599999904632568,5.599999904632568,1635400
2022-05-27,6.380000114440918,6.388000011444092,5.579999923706055,5.829999923706055,2303800
2022-05-31,6.28000020980835,6.449999809265137,6.159999847412109,6.309999942779541,1792400
2022-06-01,6.159999847412109,6.559999942779541,6.034999847412109,6.340000152587891,2335200
2022-06-02,6.099999904632568,6.210000038146973,6.019999980926514,6.179999828338623,1347000
2022-06-03,6.25,6.630000114440918,6.0289998054504395,6.039999961853027,2394900
2022-06-06,5.71999979019165,6.46999979019165,5.679999828338623,6.340000152587891,1824600
2022-06-07,6.170000076293945,6.190000057220459,5.559999942779541,5.559999942779541,2968400
2022-06-08,6.489999771118164,6.840000152587891,6.079999923706055,6.110000133514404,2567500
2022-06-09,5.949999809265137,6.465000152587891,5.914999961853027,6.300000190734863,1922000
2022-06-10,5.5,6.03000020980835,5.485000133514404,5.840000152587891,2692700
2022-06-13,4.940000057220459,5.369999885559082,4.824999809265137,5.190000057220459,2642800
2022-06-14,4.570000171661377,5.0,4.510000228881836,4.949999809265137,1949800
2022-06-15,4.550000190734863,4.699999809265137,4.359000205993652,4.610000133514404,2696500
2022-06-16,4.150000095367432,4.449999809265137,4.019999980926514,4.329999923706055,3712800
2022-06-17,4.440000057220459,4.539999961853027,4.215000152587891,4.389999866485596,6403400
2022-06-21,4.869999885559082,5.164999961853027,4.639999866485596,4.639999866485596,2915800
2022-06-22,4.800000190734863,5.170000076293945,4.71999979019165,4.769999980926514,2693600
2022-06-23,5.130000114440918,5.130000114440918,4.760000228881836,4.840000152587891,3551500
2022-06-24,5.170000076293945,5.255000114440918,4.860000133514404,5.159999847412109,2480800
2022-06-27,5.03000020980835,5.28000020980835,4.980000019073486,5.159999847412109,2157900
2022-06-28,4.579999923706055,5.090000152587891,4.550000190734863,5.03000020980835,3367900
2022-06-29,4.510000228881836,4.619999885559082,4.349999904632568,4.570000171661377,2470400
2022-06-30,4.510000228881836,4.659999847412109,4.40500020980835,4.429999828338623,1827000
2022-07-01,4.730000019073486,4.75,4.440000057220459,4.510000228881836,1519800
2022-07-05,5.309999942779541,5.320000171661377,4.590000152587891,4.630000114440918,2434100
2022-07-06,5.21999979019165,5.574999809265137,5.019999980926514,5.300000190734863,2465000
2022-07-07,5.210000038146973,5.434999942779541,5.110000133514404,5.210000038146973,3326600
2022-07-08,5.25,5.434999942779541,5.045000076293945,5.130000114440918,1966400
2022-07-11,4.880000114440918,5.25,4.864999771118164,5.199999809265137,1835200
2022-07-12,4.949999809265137,4.994999885559082,4.550000190734863,4.889999866485596,1716700
2022-07-13,5.0,5.320000171661377,4.78000020980835,4.809999942779541,2032300
2022-07-14,4.630000114440918,5.019999980926514,4.630000114440918,4.949999809265137,1383700
2022-07-15,4.710000038146973,4.760000228881836,4.519999980926514,4.760000228881836,1406300
2022-07-18,4.5,4.940000057220459,4.480000019073486,4.789999961853027,1653200
2022-07-19,4.690000057220459,4.829999923706055,4.554999828338623,4.570000171661377,1767500
2022-07-20,4.829999923706055,5.244999885559082,4.690000057220459,4.869999885559082,2730400
2022-07-21,4.789999961853027,5.039999961853027,4.670000076293945,4.880000114440918,1184700
2022-07-22,4.449999809265137,4.860000133514404,4.434999942779541,4.789999961853027,1703700
2022-07-25,4.440000057220459,4.578000068664551,4.324999809265137,4.5,1356800
2022-07-26,4.449999809265137,4.599999904632568,4.349999904632568,4.440000057220459,1667200
2022-07-27,4.610000133514404,4.630000114440918,4.360000133514404,4.510000228881836,1263600
2022-07-28,4.460000038146973,4.610000133514404,4.25,4.570000171661377,2208100
2022-07-29,4.25,4.409999847412109,4.130000114440918,4.400000095367432,2479500
2022-08-01,4.079999923706055,4.329999923706055,4.059999942779541,4.199999809265137,2551300
2022-08-02,4.300000190734863,4.380000114440918,4.0,4.0,1727900
2022-08-03,4.5,4.75,4.349999904632568,4.349999904632568,2327800
2022-08-04,4.53000020980835,4.980000019073486,4.420000076293945,4.480000019073486,3468100
2022-08-05,4.679999828338623,4.789999961853027,4.21999979019165,4.420000076293945,2658500
2022-08-08,5.159999847412109,5.170000076293945,4.590000152587891,4.670000076293945,2546900
2022-08-09,4.909999847412109,5.309999942779541,4.835000038146973,5.050000190734863,2001000
2022-08-10,5.199999809265137,5.230000019073486,4.900000095367432,5.090000152587891,1649600
2022-08-11,4.960000038146973,5.309999942779541,4.900000095367432,5.190000057220459,1740600
2022-08-12,5.409999847412109,5.449999809265137,5.0,5.039999961853027,1724900
2022-08-15,5.46999979019165,5.489999771118164,5.269999980926514,5.320000171661377,1163500
2022-08-16,5.489999771118164,5.675000190734863,5.300000190734863,5.449999809265137,1689800
2022-08-17,5.300000190734863,5.610000133514404,5.150000095367432,5.380000114440918,1529800
2022-08-18,5.5,5.559999942779541,5.045000076293945,5.309999942779541,1792700
2022-08-19,5.46999979019165,5.610000133514404,5.329999923706055,5.400000095367432,1411500
2022-08-22,5.460000038146973,5.650000095367432,5.260000228881836,5.369999885559082,1416200
2022-08-23,5.75,5.820000171661377,5.480000019073486,5.480000019073486,1461200
2022-08-24,5.820000171661377,5.949999809265137,5.619999885559082,5.730000019073486,1990600
2022-08-25,5.710000038146973,5.960000038146973,5.505000114440918,5.909999847412109,1391500
2022-08-26,5.119999885559082,5.760000228881836,5.099999904632568,5.710000038146973,1775800
2022-08-29,5.139999866485596,5.159999847412109,4.820000171661377,5.019999980926514,2239900
2022-08-30,5.039999961853027,5.190000057220459,4.679999828338623,5.190000057220459,3055600
2022-08-31,5.059999942779541,5.190000057220459,4.920000076293945,5.090000152587891,1740600
2022-09-01,5.210000038146973,5.230000019073486,4.849999904632568,5.0,1412300
2022-09-02,5.239999771118164,5.465000152587891,5.179999828338623,5.329999923706055,1744500
2022-09-06,5.070000171661377,5.28000020980835,5.050000190734863,5.21999979019165,1532700
2022-09-07,5.28000020980835,5.300000190734863,4.989999771118164,5.070000171661377,1832200
2022-09-08,5.369999885559082,5.385000228881836,5.175000190734863,5.230000019073486,1368900
2022-09-09,5.349999904632568,5.380000114440918,5.150000095367432,5.309999942779541,1778600
2022-09-12,5.409999847412109,5.46999979019165,5.230000019073486,5.349999904632568,1509000
2022-09-13,4.829999923706055,5.309999942779541,4.744999885559082,5.21999979019165,2433900
2022-09-14,4.75,4.920000076293945,4.559999942779541,4.820000171661377,2297700
2022-09-15,5.170000076293945,5.175000190734863,4.659999847412109,4.739999771118164,2361600
2022-09-16,5.039999961853027,5.199999809265137,4.960000038146973,5.059999942779541,2925900
2022-09-19,4.920000076293945,5.110000133514404,4.84499979019165,4.989999771118164,1335500
2022-09-20,4.929999828338623,4.980000019073486,4.809999942779541,4.880000114440918,863300
2022-09-21,4.659999847412109,5.076000213623047,4.65500020980835,4.909999847412109,1171400
2022-09-22,4.610000133514404,4.679999828338623,4.420000076293945,4.630000114440918,1324500
2022-09-23,4.400000095367432,4.570000171661377,4.275000095367432,4.570000171661377,1581000
2022-09-26,4.239999771118164,4.565000057220459,4.230000019073486,4.340000152587891,1033400
2022-09-27,4.639999866485596,4.659999847412109,4.28000020980835,4.329999923706055,2109700
2022-09-28,5.320000171661377,5.360000133514404,4.809999942779541,4.820000171661377,2536200
2022-09-29,5.369999885559082,5.539999961853027,5.150000095367432,5.260000228881836,2782800
2022-09-30,5.460000038146973,5.789999961853027,5.360000133514404,5.360000133514404,2638000
2022-10-03,5.739999771118164,5.829999923706055,5.320000171661377,5.610000133514404,2384700
2022-10-04,5.880000114440918,6.010000228881836,5.724999904632568,5.869999885559082,1607000
2022-10-05,5.929999828338623,6.010000228881836,5.755000114440918,5.800000190734863,1518000
2022-10-06,5.75,5.96999979019165,5.690000057220459,5.860000133514404,1106800
2022-10-07,5.539999961853027,5.764999866485596,5.46999979019165,5.610000133514404,1705900
2022-10-10,5.099999904632568,5.519999980926514,5.070000171661377,5.519999980926514,1334300
2022-10-11,4.909999847412109,5.199999809265137,4.590000152587891,5.110000133514404,1554000
2022-10-12,5.110000133514404,5.175000190734863,4.820000171661377,4.909999847412109,1305300
2022-10-13,5.119999885559082,5.164999961853027,4.824999809265137,4.880000114440918,1212500
2022-10-14,4.789999961853027,5.224999904632568,4.769999980926514,5.179999828338623,1285300
2022-10-17,4.940000057220459,5.03000020980835,4.710000038146973,4.96999979019165,1880800
2022-10-18,4.889999866485596,5.099999904632568,4.840000152587891,5.03000020980835,961400
2022-10-19,4.449999809265137,4.929999828338623,4.400000095367432,4.929999828338623,1915100
2022-10-20,4.429999828338623,4.590000152587891,4.369999885559082,4.420000076293945,1864100
2022-10-21,4.550000190734863,4.574999809265137,4.300000190734863,4.429999828338623,1432300
2022-10-24,4.5,4.639999866485596,4.360000133514404,4.570000171661377,1153500
2022-10-25,4.909999847412109,5.010000228881836,4.489999771118164,4.5,2886200
2022-10-26,4.96999979019165,5.199999809265137,4.840000152587891,4.889999866485596,2056800
2022-10-27,4.889999866485596,5.25,4.789999961853027,5.03000020980835,1197600
2022-10-28,5.070000171661377,5.09499979019165,4.760000228881836,4.909999847412109,1405400
2022-10-31,4.760000228881836,5.070000171661377,4.730000019073486,5.03000020980835,1302900
2022-11-01,4.710000038146973,4.929999828338623,4.650000095367432,4.829999923706055,1468100
2022-11-02,4.760000228881836,5.005000114440918,4.449999809265137,4.659999847412109,1848100
2022-11-03,4.539999961853027,4.809999942779541,4.429999828338623,4.559999942779541,1996400
2022-11-04,4.739999771118164,5.540999889373779,4.329999923706055,5.050000190734863,6356300
2022-11-07,5.150000095367432,5.25,4.715000152587891,4.769999980926514,1869200
2022-11-08,5.349999904632568,5.445000171661377,5.039999961853027,5.179999828338623,2156200
2022-11-09,5.409999847412109,5.519999980926514,5.070000171661377,5.21999979019165,1845200
2022-11-10,5.739999771118164,5.860000133514404,5.570000171661377,5.619999885559082,2759700
2022-11-11,5.659999847412109,5.860000133514404,5.40500020980835,5.690000057220459,2277300
2022-11-14,5.5,5.789999961853027,5.46999979019165,5.610000133514404,1895500
2022-11-15,5.630000114440918,5.96999979019165,5.550000190734863,5.710000038146973,2405700
2022-11-16,5.300000190734863,5.699999809265137,5.289999961853027,5.579999923706055,1638600
2022-11-17,5.260000228881836,5.416999816894531,5.150000095367432,5.28000020980835,1206100
2022-11-18,4.96999979019165,5.409999847412109,4.929999828338623,5.409999847412109,1107200
2022-11-21,4.710000038146973,5.010000228881836,4.610000133514404,4.96999979019165,1622700
2022-11-22,4.820000171661377,4.829999923706055,4.559999942779541,4.71999979019165,952100
2022-11-23,4.909999847412109,4.998000144958496,4.800000190734863,4.809999942779541,1117200
2022-11-25,4.940000057220459,4.960000038146973,4.800000190734863,4.889999866485596,403400
2022-11-28,4.889999866485596,4.980000019073486,4.800000190734863,4.860000133514404,1002500
2022-11-29,5.070000171661377,5.129000186920166,4.900000095367432,4.940000057220459,1151300
2022-11-30,5.289999961853027,5.34499979019165,4.989999771118164,5.110000133514404,1528800
2022-12-01,4.980000019073486,5.320000171661377,4.914999961853027,5.28000020980835,953700
2022-12-02,5.150000095367432,5.170000076293945,4.829999923706055,5.0,846000
2022-12-05,5.230000019073486,5.414999961853027,5.099999904632568,5.170000076293945,3587900
2022-12-06,5.070000171661377,5.289999961853027,4.974999904632568,5.239999771118164,2010400
2022-12-07,4.690000057220459,5.099999904632568,4.59499979019165,5.03000020980835,2404400
2022-12-08,4.590000152587891,4.75,4.510000228881836,4.75,1305300
2022-12-09,4.699999809265137,4.71999979019165,4.494999885559082,4.579999923706055,1733000
2022-12-12,3.859999895095825,4.75,3.5399999618530273,4.75,7094600
2022-12-13,3.509999990463257,4.039999961853027,3.434999942779541,4.039999961853027,4849100
2022-12-14,3.430000066757202,3.5399999618530273,3.3299999237060547,3.5299999713897705,2846900
2022-12-15,3.2300000190734863,3.430000066757202,3.2200000286102295,3.390000104904175,2688500
2022-12-16,3.0999999046325684,3.2699999809265137,3.0899999141693115,3.2100000381469727,5751900
2022-12-19,2.9700000286102295,3.1700000762939453,2.88100004196167,3.0999999046325684,2724200
2022-12-20,3.0199999809265137,3.109999895095825,2.8949999809265137,3.0,2742000
2022-12-21,3.0299999713897705,3.2750000953674316,3.01200008392334,3.0199999809265137,2535400
2022-12-22,2.7100000381469727,3.0350000858306885,2.6500000953674316,3.0,4608800
2022-12-23,2.5899999141693115,2.7130000591278076,2.494999885559082,2.7100000381469727,3049600
2022-12-27,2.4800000190734863,2.7100000381469727,2.450000047683716,2.5799999237060547,2882800
2022-12-28,2.6700000762939453,2.7200000286102295,2.509999990463257,2.509999990463257,3239600
2022-12-29,3.1500000953674316,3.194999933242798,2.700000047683716,2.700000047683716,3218200
2022-12-30,3.4000000953674316,3.424999952316284,3.0799999237060547,3.109999895095825,2605900
2023-01-03,3.259999990463257,3.490000009536743,3.200000047683716,3.369999885559082,2132200
2023-01-04,3.380000114440918,3.4749999046325684,3.190000057220459,3.2699999809265137,3877000
2023-01-05,3.4000000953674316,3.4649999141693115,3.2300000190734863,3.3299999237060547,2272800
2023-01-06,3.509999990463257,3.640000104904175,3.315000057220459,3.4000000953674316,2633600
2023-01-09,2.8399999141693115,3.5399999618530273,2.809999942779541,3.509999990463257,5277200
2023-01-10,2.869999885559082,2.9200000762939453,2.700000047683716,2.8299999237060547,3798100
2023-01-11,2.9600000381469727,3.0999999046325684,2.7799999713897705,2.859999895095825,4129400
2023-01-12,3.049999952316284,3.1600000858306885,2.859999895095825,3.0,9477000
2023-01-13,3.299999952316284,3.5799999237060547,2.990000009536743,3.009999990463257,6544600
2023-01-17,3.109999895095825,3.2799999713897705,2.924999952316284,3.259999990463257,4044600
2023-01-18,3.069999933242798,3.4149999618530273,3.0399999618530273,3.119999885559082,3073600
2023-01-19,3.3399999141693115,3.4179999828338623,3.130000114440918,3.2200000286102295,3899200
2023-01-20,3.369999885559082,3.430000066757202,3.259999990463257,3.380000114440918,1735200
2023-01-23,3.25,3.4000000953674316,3.2300000190734863,3.369999885559082,1934300
2023-01-24,3.319999933242798,3.3480000495910645,3.200000047683716,3.2200000286102295,1528100
2023-01-25,3.2200000286102295,3.390000104904175,3.130000114440918,3.309999942779541,2695500
2023-01-26,3.130000114440918,3.309999942779541,3.0999999046325684,3.2300000190734863,1727500
2023-01-27,3.180000066757202,3.2699999809265137,3.122999906539917,3.1700000762939453,1572100
2023-01-30,3.0799999237060547,3.200000047683716,3.0399999618530273,3.130000114440918,1647900
2023-01-31,3.299999952316284,3.319999933242798,3.069999933242798,3.069999933242798,2384300
2023-02-01,3.3399999141693115,3.369999885559082,3.2100000381469727,3.299999952316284,1915200
2023-02-02,3.509999990463257,3.640000104904175,3.3450000286102295,3.390000104904175,1826600
2023-02-03,3.4000000953674316,3.5399999618530273,3.2699999809265137,3.380000114440918,2020800
2023-02-06,3.369999885559082,3.4749999046325684,3.2899999618530273,3.4000000953674316,1227600
2023-02-07,3.5199999809265137,3.5399999618530273,3.325000047683716,3.3399999141693115,2145200
2023-02-08,3.2799999713897705,3.555000066757202,3.265000104904175,3.549999952316284,2288100
2023-02-09,3.25,3.369999885559082,3.2149999141693115,3.2899999618530273,2213600
2023-02-10,3.240000009536743,3.2799999713897705,3.1500000953674316,3.259999990463257,1727700
2023-02-13,3.319999933242798,3.380000114440918,3.1600000858306885,3.240000009536743,1610100
2023-02-14,3.319999933242798,3.3949999809265137,3.2100000381469727,3.319999933242798,1952500
2023-02-15,3.6600000858306885,3.7200000286102295,3.0899999141693115,3.190000057220459,4998400
2023-02-16,3.5899999141693115,3.8299999237060547,3.509999990463257,3.6500000953674316,2517200
2023-02-17,3.549999952316284,3.619999885559082,3.390000104904175,3.509999990463257,1671200
2023-02-21,3.200000047683716,3.5399999618530273,3.1700000762939453,3.5,2931000
2023-02-22,3.180000066757202,3.2699999809265137,3.115000009536743,3.2200000286102295,2784600
2023-02-23,3.180000066757202,3.2300000190734863,3.0850000381469727,3.180000066757202,1896500
2023-02-24,3.0,3.180000066757202,2.990000009536743,3.140000104904175,1630900
2023-02-27,3.0399999618530273,3.0999999046325684,2.9700000286102295,3.0199999809265137,1594300
2023-02-28,3.0199999809265137,3.125,2.990000009536743,3.069999933242798,1524200
2023-03-01,3.0899999141693115,3.130000114440918,2.9600000381469727,2.9800000190734863,2146800
2023-03-02,3.0799999237060547,3.125,3.0,3.069999933242798,1195400
2023-03-03,3.130000114440918,3.200000047683716,3.049999952316284,3.069999933242798,1633100
2023-03-06,3.200000047683716,3.234999895095825,3.0350000858306885,3.1600000858306885,2061800
2023-03-07,3.1500000953674316,3.255000114440918,3.1449999809265137,3.190000057220459,1714100
2023-03-08,3.109999895095825,3.2300000190734863,3.0899999141693115,3.190000057220459,1735900
2023-03-09,2.950000047683716,3.200000047683716,2.930000066757202,3.130000114440918,2312700
2023-03-10,3.0,3.140000104904175,2.8350000381469727,2.9600000381469727,3415300
2023-03-13,3.4700000286102295,3.490000009536743,2.9800000190734863,3.0,3602800
2023-03-14,3.5199999809265137,3.5850000381469727,3.440000057220459,3.5,2206900
2023-03-15,3.4800000190734863,3.5850000381469727,3.3929998874664307,3.4200000762939453,2625500
2023-03-16,3.4200000762939453,3.484999895095825,3.2699999809265137,3.450000047683716,2209000
2023-03-17,3.4000000953674316,3.440000057220459,3.299999952316284,3.4200000762939453,7969200
2023-03-20,3.5299999713897705,3.5899999141693115,3.2149999141693115,3.3399999141693115,3246300
2023-03-21,3.4800000190734863,3.569999933242798,3.424999952316284,3.5199999809265137,2943300
2023-03-22,3.240000009536743,3.4800000190734863,3.2200000286102295,3.4800000190734863,2672800
2023-03-23,3.2200000286102295,3.380000114440918,3.119999885559082,3.259999990463257,2185200
2023-03-24,3.319999933242798,3.3299999237060547,3.109999895095825,3.2200000286102295,1802200
2023-03-27,3.490000009536743,3.549999952316284,3.250999927520752,3.2799999713897705,1716100
2023-03-28,3.509999990463257,3.630000114440918,3.434999942779541,3.4600000381469727,2177100
2023-03-29,3.9200000762939453,3.950000047683716,3.509999990463257,3.5399999618530273,3695200
2023-03-30,3.5199999809265137,4.059999942779541,3.5,4.059999942779541,2447200
2023-03-31,3.890000104904175,3.9100000858306885,3.4800000190734863,3.509999990463257,2027300
2023-04-03,3.9700000286102295,4.170000076293945,3.869999885559082,3.869999885559082,2189400
2023-04-04,3.930000066757202,4.034999847412109,3.805000066757202,3.9700000286102295,1902400
2023-04-05,3.9100000858306885,4.019999980926514,3.865000009536743,3.930000066757202,1126200
2023-04-06,4.099999904632568,4.210000038146973,3.819999933242798,3.869999885559082,2093900
2023-04-10,3.890000104904175,4.09499979019165,3.819999933242798,4.050000190734863,2489500
2023-04-11,4.159999847412109,4.195000171661377,3.890000104904175,3.890000104904175,2153200
2023-04-12,3.819999933242798,4.271999835968018,3.809999942779541,4.190000057220459,1540600
2023-04-13,4.320000171661377,4.429999828338623,3.819999933242798,3.869999885559082,2305800
2023-04-14,4.320000171661377,4.690000057220459,4.139999866485596,4.239999771118164,3611600
2023-04-17,4.590000152587891,4.869999885559082,4.309999942779541,4.349999904632568,2853800
2023-04-18,4.150000095367432,4.704999923706055,3.8499999046325684,4.659999847412109,4532300
2023-04-19,4.139999866485596,4.300000190734863,3.9049999713897705,4.179999828338623,2870100
2023-04-20,3.799999952316284,4.079999923706055,3.7200000286102295,4.050000190734863,2876100
2023-04-21,4.090000152587891,4.090000152587891,3.7799999713897705,3.809999942779541,2112900
2023-04-24,4.090000152587891,4.110000133514404,3.924999952316284,4.059999942779541,1728000
2023-04-25,3.75,4.090000152587891,3.630000114440918,4.019999980926514,2746500
2023-04-26,3.5899999141693115,3.809999942779541,3.4700000286102295,3.7699999809265137,1820800
2023-04-27,3.5,3.759999990463257,3.4100000858306885,3.619999885559082,1743100
2023-04-28,3.5799999237060547,3.640000104904175,3.369999885559082,3.4700000286102295,1137100
2023-05-01,3.8499999046325684,3.865000009536743,3.549999952316284,3.549999952316284,2471800
2023-05-02,3.5799999237060547,3.859999895095825,3.509999990463257,3.8399999141693115,1808600
2023-05-03,3.6600000858306885,3.7750000953674316,3.509999990463257,3.5999999046325684,2764100
2023-05-04,2.7699999809265137,3.390000104904175,2.619999885559082,3.3499999046325684,10110100
2023-05-05,2.7100000381469727,2.9100000858306885,2.6010000705718994,2.8399999141693115,5665000
2023-05-08,2.5,2.759999990463257,2.440000057220459,2.700000047683716,4475100
2023-05-09,2.490000009536743,2.569999933242798,2.359999895095825,2.450000047683716,3224600
2023-05-10,2.700000047683716,2.7899999618530273,2.569999933242798,2.569999933242798,4264200
2023-05-11,2.6500000953674316,2.759999990463257,2.5810000896453857,2.6500000953674316,2900600
2023-05-12,2.4700000286102295,2.690000057220459,2.450000047683716,2.690000057220459,1528800
2023-05-15,2.4800000190734863,2.569999933242798,2.4200000762939453,2.4800000190734863,1440300
2023-05-16,2.380000114440918,2.4649999141693115,2.319999933242798,2.4100000858306885,2562700
2023-05-17,2.450000047683716,2.450000047683716,2.2799999713897705,2.380000114440918,2258700
2023-05-18,2.4100000858306885,2.490000009536743,2.325000047683716,2.390000104904175,2840500
2023-05-19,2.450000047683716,2.5299999713897705,2.4100000858306885,2.450000047683716,1721600
2023-05-22,2.5299999713897705,2.5899999141693115,2.434999942779541,2.4700000286102295,1574500
2023-05-23,2.5899999141693115,2.6700000762939453,2.5220000743865967,2.5299999713897705,2001200
2023-05-24,2.5,2.5899999141693115,2.440000057220459,2.5899999141693115,2686800
2023-05-25,2.4100000858306885,2.5299999713897705,2.3399999141693115,2.5,1610500
2023-05-26,2.319999933242798,2.4549999237060547,2.315000057220459,2.4000000953674316,1505000
2023-05-30,2.2200000286102295,2.4100000858306885,2.2049999237060547,2.319999933242798,1968200
2023-05-31,2.259999990463257,2.4189999103546143,2.194999933242798,2.200000047683716,1614300
2023-06-01,2.200000047683716,2.2799999713897705,2.1700000762939453,2.2699999809265137,1562800
2023-06-02,2.259999990463257,2.299999952316284,2.1500000953674316,2.2200000286102295,2207700
2023-06-05,2.299999952316284,2.3399999141693115,2.2249999046325684,2.240000009536743,2399100
2023-06-06,2.380000114440918,2.4049999713897705,2.234999895095825,2.2699999809265137,2822300
2023-06-07,2.380000114440918,2.4700000286102295,2.2799999713897705,2.390000104904175,2274500
2023-06-08,2.3399999141693115,2.4200000762939453,2.319999933242798,2.3499999046325684,1438800
2023-06-09,2.2100000381469727,2.3499999046325684,2.200000047683716,2.3499999046325684,1214800
2023-06-12,2.119999885559082,2.240000009536743,2.0899999141693115,2.2200000286102295,3105300
2023-06-13,2.140000104904175,2.2049999237060547,2.109999895095825,2.130000114440918,2628200
2023-06-14,2.0899999141693115,2.3299999237060547,2.049999952316284,2.180000066757202,2981600
2023-06-15,2.069999933242798,2.0999999046325684,2.0,2.059999942779541,2723400
2023-06-16,2.0399999618530273,2.0999999046325684,1.9529999494552612,2.0999999046325684,24235000
2023-06-20,2.069999933242798,2.134999990463257,1.9500000476837158,2.0399999618530273,3122000
2023-06-21,2.0199999809265137,2.0989999771118164,1.9500000476837158,2.049999952316284,1864200
2023-06-22,2.0299999713897705,2.0399999618530273,1.940000057220459,2.009999990463257,1262500
2023-06-23,1.9900000095367432,2.0199999809265137,1.9199999570846558,2.0199999809265137,7420900
2023-06-26,1.909999966621399,2.0199999809265137,1.899999976158142,2.0,1372800
2023-06-27,1.8600000143051147,1.9299999475479126,1.8200000524520874,1.9299999475479126,2561300
2023-06-28,1.909999966621399,1.9199999570846558,1.7949999570846558,1.840000033378601,2381200
2023-06-29,1.8300000429153442,1.9299999475479126,1.809999942779541,1.8799999952316284,2343300
2023-06-30,1.7899999618530273,1.875,1.7899999618530273,1.8700000047683716,1342100
2023-07-03,1.7200000286102295,1.7999999523162842,1.690000057220459,1.7699999809265137,2402400
2023-07-05,1.649999976158142,1.7599999904632568,1.6349999904632568,1.7200000286102295,2690300
2023-07-06,1.5199999809265137,1.649999976158142,1.4800000190734863,1.6399999856948853,2444500
2023-07-07,1.590000033378601,1.6399999856948853,1.5199999809265137,1.5199999809265137,1659200
2023-07-10,1.6100000143051147,1.649999976158142,1.5499999523162842,1.590000033378601,1439200
2023-07-11,1.6549999713897705,1.6699999570846558,1.5399999618530273,1.6299999952316284,2099400
2023-07-12,1.649999976158142,1.690000057220459,1.600000023841858,1.6799999475479126,2708300
2023-07-13,1.6399999856948853,1.6799999475479126,1.6299999952316284,1.6699999570846558,1093600
2023-07-14,1.559999942779541,1.6549999713897705,1.5499999523162842,1.6399999856948853,1712600
2023-07-17,1.5299999713897705,1.6100000143051147,1.5149999856948853,1.5399999618530273,2018500
2023-07-18,1.4900000095367432,1.8200000524520874,1.4600000381469727,1.8200000524520874,30631600
2023-07-19,1.600000023841858,1.649999976158142,1.440000057220459,1.4500000476837158,6644400
2023-07-20,1.6100000143051147,1.659999966621399,1.5399999618530273,1.590000033378601,2810100
2023-07-21,1.659999966621399,1.6799999475479126,1.5800000429153442,1.6100000143051147,2409600
2023-07-24,1.6299999952316284,1.7100000381469727,1.6100000143051147,1.7100000381469727,1928300
2023-07-25,1.590000033378601,1.6299999952316284,1.5299999713897705,1.6100000143051147,4410700
2023-07-26,1.7300000190734863,1.7400000095367432,1.524999976158142,1.5499999523162842,3446000
2023-07-27,1.690000057220459,1.7400000095367432,1.6349999904632568,1.690000057220459,2631800
2023-07-28,1.7999999523162842,1.7999999523162842,1.690000057220459,1.7000000476837158,3390500
2023-07-31,1.7999999523162842,1.809999942779541,1.7699999809265137,1.7999999523162842,1685600
2023-08-01,1.7999999523162842,1.809999942779541,1.6799999475479126,1.7200000286102295,1305900
2023-08-02,1.7899999618530273,1.8799999952316284,1.6200000047683716,1.8799999952316284,2229100
2023-08-03,1.809999942779541,1.8700000047683716,1.7699999809265137,1.7999999523162842,2081900
2023-08-04,1.7200000286102295,1.8700000047683716,1.7100000381469727,1.8200000524520874,1217000
2023-08-07,1.6100000143051147,1.7200000286102295,1.600000023841858,1.7200000286102295,1112600
2023-08-08,1.649999976158142,1.684999942779541,1.5850000381469727,1.600000023841858,1165000
2023-08-09,1.6200000047683716,1.684999942779541,1.6100000143051147,1.6299999952316284,831700
2023-08-10,1.6699999570846558,1.7300000190734863,1.600000023841858,1.6100000143051147,832600
2023-08-11,1.7000000476837158,1.7699999809265137,1.659999966621399,1.6699999570846558,1546300
2023-08-14,1.7200000286102295,1.7300000190734863,1.6200000047683716,1.659999966621399,1629700
2023-08-15,1.7599999904632568,1.774999976158142,1.659999966621399,1.7200000286102295,1675500
2023-08-16,1.690000057220459,1.8600000143051147,1.659999966621399,1.7699999809265137,2384300
2023-08-17,1.6799999475479126,1.7400000095367432,1.6729999780654907,1.690000057220459,909500
2023-08-18,1.659999966621399,1.75,1.6399999856948853,1.659999966621399,908300
2023-08-21,1.5800000429153442,1.6799999475479126,1.5700000524520874,1.659999966621399,2426900
2023-08-22,1.4700000286102295,1.600000023841858,1.4600000381469727,1.5700000524520874,1811400
2023-08-23,1.4600000381469727,1.590000033378601,1.4500000476837158,1.5,1094900
2023-08-24,1.3899999856948853,1.4700000286102295,1.3700000047683716,1.4600000381469727,1521700
2023-08-25,1.440000057220459,1.4900000095367432,1.3550000190734863,1.399999976158142,1441200
2023-08-28,1.3799999952316284,1.4700000286102295,1.3700000047683716,1.4299999475479126,832500
2023-08-29,1.3600000143051147,1.440000057220459,1.350000023841858,1.3799999952316284,1025300
2023-08-30,1.3700000047683716,1.4199999570846558,1.3300000429153442,1.3600000143051147,767700
2023-08-31,1.2799999713897705,1.4199999570846558,1.2699999809265137,1.4199999570846558,3531000
2023-09-01,1.3600000143051147,1.4149999618530273,1.2899999618530273,1.2899999618530273,2763700
2023-09-05,1.2699999809265137,1.3600000143051147,1.2699999809265137,1.3600000143051147,913000
2023-09-06,1.1699999570846558,1.309999942779541,1.149999976158142,1.309999942779541,1296200
2023-09-07,1.159999966621399,1.2000000476837158,1.1399999856948853,1.159999966621399,971700
2023-09-08,1.1699999570846558,1.2000000476837158,1.1299999952316284,1.159999966621399,837800
2023-09-11,1.2200000286102295,1.2200000286102295,1.149999976158142,1.1799999475479126,582600
2023-09-12,1.2899999618530273,1.309999942779541,1.190000057220459,1.2000000476837158,1086400
2023-09-13,1.2799999713897705,1.3600000143051147,1.2599999904632568,1.340000033378601,695600
2023-09-14,1.2999999523162842,1.3799999952316284,1.25,1.2899999618530273,899300
2023-09-15,1.2100000381469727,1.3300000429153442,1.1950000524520874,1.3200000524520874,1834000
2023-09-18,1.1399999856948853,1.2400000095367432,1.1100000143051147,1.2200000286102295,1519100
2023-09-19,1.190000057220459,1.2000000476837158,1.1150000095367432,1.1399999856948853,1296300
2023-09-20,1.190000057220459,1.2599999904632568,1.1699999570846558,1.2000000476837158,908000
2023-09-21,1.25,1.25,1.1549999713897705,1.1699999570846558,862400
2023-09-22,1.149999976158142,1.2599999904632568,1.149999976158142,1.2400000095367432,840700
2023-09-25,1.2000000476837158,1.215000033378601,1.1200000047683716,1.149999976158142,1651800
2023-09-26,1.284999966621399,1.4049999713897705,1.2300000190734863,1.2999999523162842,6174800
2023-09-27,1.3700000047683716,1.4299999475479126,1.2100000381469727,1.309999942779541,3088100
2023-09-28,1.3700000047683716,1.3799999952316284,1.25,1.340000033378601,1027500
2023-09-29,1.340000033378601,1.440000057220459,1.3200000524520874,1.3300000429153442,858800
2023-10-02,1.2200000286102295,1.340000033378601,1.2000000476837158,1.340000033378601,858800
2023-10-03,1.284999966621399,1.2999999523162842,1.1799999475479126,1.2000000476837158,854400
2023-10-04,1.25,1.2799999713897705,1.215000033378601,1.2699999809265137,554700
2023-10-05,1.309999942779541,1.3600000143051147,1.2200000286102295,1.2400000095367432,806900
2023-10-06,1.2899999618530273,1.309999942779541,1.2000000476837158,1.309999942779541,1107200
2023-10-09,1.2599999904632568,1.2899999618530273,1.159999966621399,1.25,1380400
2023-10-10,1.2999999523162842,1.340000033378601,1.2300000190734863,1.2300000190734863,392500
2023-10-11,1.2599999904632568,1.3799999952316284,1.2400000095367432,1.309999942779541,665600
2023-10-12,1.25,1.2799999713897705,1.2000000476837158,1.2699999809265137,1289800
2023-10-13,1.190000057220459,1.2699999809265137,1.190000057220459,1.2100000381469727,758700
2023-10-16,1.2100000381469727,1.2699999809265137,1.159999966621399,1.190000057220459,744500
2023-10-17,1.1699999570846558,1.2309999465942383,1.159999966621399,1.1699999570846558,679600
2023-10-18,1.1749999523162842,1.190000057220459,1.1399999856948853,1.1699999570846558,593300
2023-10-19,1.059999942779541,1.1699999570846558,1.0399999618530273,1.1699999570846558,1251100
2023-10-20,1.059999942779541,1.1100000143051147,1.0499999523162842,1.0700000524520874,340200
2023-10-23,1.0299999713897705,1.065000057220459,1.0199999809265137,1.0499999523162842,567600
2023-10-24,0.9290000200271606,1.0700000524520874,0.9200000166893005,1.0299999713897705,1631100
2023-10-25,0.8080000281333923,0.9490000009536743,0.800000011920929,0.9300000071525574,1347700
2023-10-26,0.8009999990463257,0.8550000190734863,0.7630000114440918,0.8299999833106995,1702200
2023-10-27,0.8240000009536743,0.8450000286102295,0.7730000019073486,0.8140000104904175,866500
2023-10-30,0.8199999928474426,0.8999999761581421,0.8130000233650208,0.8479999899864197,1638400
2023-10-31,0.8700000047683716,0.8899999856948853,0.7900000214576721,0.796999990940094,797400
2023-11-01,0.7860000133514404,0.8989999890327454,0.7860000133514404,0.8679999709129333,1549500
2023-11-02,0.7609999775886536,0.8550000190734863,0.7480000257492065,0.800000011920929,1834500
2023-11-03,0.8899999856948853,0.9100000262260437,0.7649999856948853,0.7739999890327454,1718200
2023-11-06,0.8799999952316284,0.9710000157356262,0.8799999952316284,0.9200000166893005,833700
2023-11-07,0.7990000247955322,0.8820000290870667,0.7990000247955322,0.8820000290870667,1171300
2023-11-08,0.75,0.7990000247955322,0.7350000143051147,0.7979999780654907,950500
2023-11-09,0.6930000185966492,0.7739999890327454,0.675000011920929,0.7730000019073486,727900
2023-11-10,0.7089999914169312,0.7350000143051147,0.6700000166893005,0.7210000157356262,923400
2023-11-13,0.7490000128746033,0.7590000033378601,0.6840000152587891,0.7419999837875366,669900
2023-11-14,0.7649999856948853,0.7879999876022339,0.7319999933242798,0.7400000095367432,664900
2023-11-15,0.7260000109672546,0.800000011920929,0.7210000157356262,0.7749999761581421,656800
2023-11-16,0.6970000267028809,0.800000011920929,0.6899999976158142,0.734000027179718,1030100
2023-11-17,0.7799999713897705,0.7799999713897705,0.7020000219345093,0.7049999833106995,716900
2023-11-20,0.7870000004768372,0.8220000267028809,0.7599999904632568,0.7770000100135803,880200
2023-11-21,0.7379999756813049,0.7919999957084656,0.7289999723434448,0.7639999985694885,602700
2023-11-22,0.7110000252723694,0.753000020980835,0.7009999752044678,0.7379999756813049,802800
2023-11-24,0.7379999756813049,0.7889999747276306,0.7160000205039978,0.7289999723434448,513400
2023-11-27,0.7080000042915344,0.7599999904632568,0.7009999752044678,0.7260000109672546,686800
2023-11-28,0.6790000200271606,0.75,0.6710000038146973,0.7360000014305115,970400
2023-11-29,0.6759999990463257,0.718999981880188,0.6700000166893005,0.6800000071525574,751700
2023-11-30,0.7699999809265137,0.7789999842643738,0.6700000166893005,0.6859999895095825,1575000
2023-12-01,0.7910000085830688,0.8240000009536743,0.75,0.765999972820282,1769900
2023-12-04,0.875,0.8849999904632568,0.7879999876022339,0.7900000214576721,1142300
2023-12-05,0.8140000104904175,0.8899999856948853,0.7910000085830688,0.8600000143051147,597900
2023-12-06,0.8510000109672546,0.8899999856948853,0.800000011920929,0.8199999928474426,670500
2023-12-07,0.8389999866485596,0.8930000066757202,0.8299999833106995,0.8569999933242798,758500
2023-12-08,0.8600000143051147,0.8799999952316284,0.8389999866485596,0.8600000143051147,736400
2023-12-11,0.777999997138977,0.9509999752044678,0.6169999837875366,0.8479999899864197,3225600
2023-12-12,0.7419999837875366,0.7699999809265137,0.7200000286102295,0.7559999823570251,1002200
2023-12-13,0.7760000228881836,0.800000011920929,0.699999988079071,0.7400000095367432,1773100
2023-12-14,0.8399999737739563,0.878000020980835,0.7839999794960022,0.800000011920929,1108200
2023-12-15,0.7749999761581421,0.8870000243186951,0.7749999761581421,0.8489999771118164,2883500
2023-12-18,0.753000020980835,0.8309999704360962,0.753000020980835,0.7900000214576721,976200
2023-12-19,0.7839999794960022,0.8289999961853027,0.75,0.75,2639500
2023-12-20,0.7580000162124634,0.8379999995231628,0.75,0.777999997138977,1300800
2023-12-21,0.7609999775886536,0.7990000247955322,0.7120000123977661,0.7900000214576721,2059900
2023-12-22,0.8240000009536743,0.8500000238418579,0.7599999904632568,0.7599999904632568,1360000
2023-12-26,0.8889999985694885,0.9879999756813049,0.8100000023841858,0.8100000023841858,2178700
2023-12-27,0.9240000247955322,0.9509999752044678,0.8700000047683716,0.9300000071525574,1946600
2023-12-28,0.9229999780654907,0.949999988079071,0.8790000081062317,0.9129999876022339,889700
2023-12-29,0.8650000095367432,0.9300000071525574,0.8500000238418579,0.8930000066757202,1013400
2024-01-02,0.9010000228881836,0.9200000166893005,0.8510000109672546,0.875,899600
2024-01-03,0.8330000042915344,0.9200000166893005,0.8209999799728394,0.9100000262260437,1006100
2024-01-04,0.824999988079071,0.8450000286102295,0.7839999794960022,0.8159999847412109,1855800
2024-01-05,0.8220000267028809,0.8600000143051147,0.7799999713897705,0.8199999928474426,977000
2024-01-08,0.9200000166893005,0.9319999814033508,0.8029999732971191,0.8399999737739563,1095000
2024-01-09,0.859000027179718,0.925000011920929,0.8500000238418579,0.9110000133514404,954700
2024-01-10,0.8220000267028809,0.8759999871253967,0.8100000023841858,0.871999979019165,1383500
2024-01-11,0.7379999756813049,0.8360000252723694,0.734000027179718,0.8270000219345093,1530700
2024-01-12,0.7440000176429749,0.7910000085830688,0.7160000205039978,0.7599999904632568,968700
2024-01-16,0.7250000238418579,0.7799999713897705,0.6549999713897705,0.75,1794900
2024-01-17,0.7549999952316284,0.765999972820282,0.6899999976158142,0.6949999928474426,764900
2024-01-18,0.7239999771118164,0.7710000276565552,0.699999988079071,0.75,981100
2024-01-19,0.765999972820282,0.7860000133514404,0.6899999976158142,0.7350000143051147,1321200
2024-01-22,0.8320000171661377,0.8479999899864197,0.7429999709129333,0.7799999713897705,977400
2024-01-23,0.8500000238418579,0.8610000014305115,0.8220000267028809,0.8399999737739563,522800
2024-01-24,0.824999988079071,0.8700000047683716,0.8119999766349792,0.8600000143051147,402800
2024-01-25,0.8759999871253967,0.8899999856948853,0.7910000085830688,0.8500000238418579,638600
2024-01-26,0.906000018119812,0.9350000023841858,0.8500000238418579,0.8899999856948853,816000
2024-01-29,0.9049999713897705,0.9210000038146973,0.8700000047683716,0.9100000262260437,766400
2024-01-30,0.8709999918937683,0.902999997138977,0.8519999980926514,0.8999999761581421,538800
2024-01-31,0.7509999871253967,0.9169999957084656,0.7509999871253967,0.8679999709129333,2099600
2024-02-01,0.8999999761581421,0.9200000166893005,0.7699999809265137,0.8069999814033508,1662400
2024-02-02,1.0399999618530273,1.0789999961853027,0.8600000143051147,0.9100000262260437,2850200
2024-02-05,1.350000023841858,1.4450000524520874,1.0800000429153442,1.090000033378601,8901400
2024-02-06,1.659999966621399,1.9500000476837158,1.1200000047683716,1.4199999570846558,15382900
2024-02-07,1.524999976158142,1.690000057220459,1.4199999570846558,1.690000057220459,2868700
2024-02-08,1.5099999904632568,1.6100000143051147,1.4299999475479126,1.4800000190734863,2586300
2024-02-09,1.340000033378601,1.559999942779541,1.25,1.5,2096200
2024-02-12,1.2999999523162842,1.4299999475479126,1.190000057220459,1.350000023841858,2802500
2024-02-13,1.284999966621399,1.3300000429153442,1.149999976158142,1.2599999904632568,2760200
2024-02-14,1.3600000143051147,1.4800000190734863,1.2799999713897705,1.2799999713897705,2451000
2024-02-15,1.2999999523162842,1.399999976158142,1.2599999904632568,1.3799999952316284,1489000
2024-02-16,1.2699999809265137,1.3799999952316284,1.2699999809265137,1.3200000524520874,1380900
2024-02-20,1.2100000381469727,1.2699999809265137,1.190000057220459,1.2200000286102295,1545600
2024-02-21,1.2100000381469727,1.2300000190734863,1.159999966621399,1.190000057220459,1349100
2024-02-22,1.1299999952316284,1.2450000047683716,1.0800000429153442,1.2200000286102295,1576900
2024-02-23,1.2400000095367432,1.309999942779541,1.1009999513626099,1.1200000047683716,1543800
2024-02-26,1.309999942779541,1.3700000047683716,1.2200000286102295,1.2400000095367432,1824100
2024-02-27,1.409999966621399,1.4199999570846558,1.2999999523162842,1.340000033378601,1811900
2024-02-28,1.3300000429153442,1.440000057220459,1.2699999809265137,1.409999966621399,1558200
2024-02-29,1.159999966621399,1.3600000143051147,1.1100000143051147,1.3300000429153442,3009300
2024-03-01,1.184999942779541,1.274999976158142,1.1299999952316284,1.190000057220459,1701200
2024-03-04,1.309999942779541,1.3200000524520874,1.149999976158142,1.2000000476837158,1587100
2024-03-05,1.2450000047683716,1.340000033378601,1.2400000095367432,1.3200000524520874,1077700
2024-03-06,1.3300000429153442,1.399999976158142,1.25,1.25,1278100
2024-03-07,1.5299999713897705,1.6100000143051147,1.309999942779541,1.3600000143051147,3140400
2024-03-08,1.5700000524520874,1.7000000476837158,1.5199999809265137,1.5299999713897705,2127600
2024-03-11,1.4800000190734863,1.6399999856948853,1.4700000286102295,1.5800000429153442,979900
2024-03-12,1.4500000476837158,1.5800000429153442,1.409999966621399,1.4800000190734863,1019300
2024-03-13,1.4199999570846558,1.5299999713897705,1.399999976158142,1.4500000476837158,738000
2024-03-14,1.340000033378601,1.4500000476837158,1.3200000524520874,1.4199999570846558,891200
2024-03-15,1.5099999904632568,1.5499999523162842,1.340000033378601,1.409999966621399,1725000
2024-03-18,1.4700000286102295,1.6200000047683716,1.4500000476837158,1.5199999809265137,1380800
2024-03-19,1.3700000047683716,1.4950000047683716,1.350000023841858,1.4500000476837158,949700
2024-03-20,1.399999976158142,1.4199999570846558,1.319000005722046,1.3899999856948853,767400
2024-03-21,1.4199999570846558,1.4700000286102295,1.3799999952316284,1.3899999856948853,652900
2024-03-22,1.3899999856948853,1.440000057220459,1.340000033378601,1.440000057220459,792700
2024-03-25,1.3899999856948853,1.4450000524520874,1.3600000143051147,1.399999976158142,581600
2024-03-26,1.3899999856948853,1.4299999475479126,1.3799999952316284,1.399999976158142,543900
2024-03-27,1.4800000190734863,1.5099999904632568,1.3700000047683716,1.409999966621399,1301000
2024-03-28,1.5099999904632568,1.5950000286102295,1.4299999475479126,1.4500000476837158,1266300
2024-04-01,1.5800000429153442,1.649999976158142,1.4500000476837158,1.5099999904632568,1473300
2024-04-02,1.3949999809265137,1.559999942779541,1.3799999952316284,1.5499999523162842,1070700
2024-04-03,1.284999966621399,1.3899999856948853,1.2799999713897705,1.3899999856948853,1121400
2024-04-04,1.3300000429153442,1.440000057220459,1.25,1.2899999618530273,1490000
2024-04-05,1.3600000143051147,1.409999966621399,1.2799999713897705,1.309999942779541,751200
2024-04-08,1.350000023841858,1.3899999856948853,1.2899999618530273,1.3799999952316284,808900
2024-04-09,1.340000033378601,1.4149999618530273,1.309999942779541,1.3300000429153442,709100
2024-04-10,1.2699999809265137,1.340000033378601,1.25,1.309999942779541,988400
2024-04-11,1.340000033378601,1.340000033378601,1.2599999904632568,1.2799999713897705,680500
2024-04-12,1.2200000286102295,1.3450000286102295,1.1799999475479126,1.340000033378601,1391800
2024-04-15,1.1549999713897705,1.225000023841858,1.1399999856948853,1.2200000286102295,810600
2024-04-16,1.100000023841858,1.2000000476837158,1.0299999713897705,1.1399999856948853,1171100
2024-04-17,1.3799999952316284,1.3799999952316284,1.1399999856948853,1.190000057220459,3175600
2024-04-18,1.2799999713897705,1.4199999570846558,1.2200000286102295,1.4199999570846558,1306200
2024-04-19,1.1699999570846558,1.3049999475479126,1.1299999952316284,1.2599999904632568,1440500
2024-04-22,1.1299999952316284,1.2000000476837158,1.1200000047683716,1.1699999570846558,791000
2024-04-23,1.090000033378601,1.1699999570846558,1.0800000429153442,1.1200000047683716,1591100
2024-04-24,1.090000033378601,1.149999976158142,1.0499999523162842,1.100000023841858,1204200
2024-04-25,1.059999942779541,1.100000023841858,1.0299999713897705,1.0700000524520874,644600
2024-04-26,1.059999942779541,1.0800000429153442,1.0199999809265137,1.0499999523162842,660700
2024-04-29,1.100000023841858,1.1699999570846558,1.059999942779541,1.059999942779541,1011900
2024-04-30,1.0299999713897705,1.1349999904632568,1.0199999809265137,1.100000023841858,1165300
2024-05-01,1.0800000429153442,1.149999976158142,1.0549999475479126,1.059999942779541,1557700
2024-05-02,1.0800000429153442,1.1299999952316284,1.0449999570846558,1.100000023841858,975000
2024-05-03,1.1299999952316284,1.184999942779541,1.0800000429153442,1.1100000143051147,983400
2024-05-06,1.149999976158142,1.190000057220459,1.1100000143051147,1.1299999952316284,848600
2024-05-07,1.100000023841858,1.2000000476837158,1.090000033378601,1.1699999570846558,990000
2024-05-08,1.0199999809265137,1.2000000476837158,1.0199999809265137,1.1299999952316284,2639100
2024-05-09,1.0700000524520874,1.1100000143051147,1.0,1.0399999618530273,1504000
2024-05-10,1.090000033378601,1.1100000143051147,1.0199999809265137,1.0499999523162842,1130300
2024-05-13,1.1200000047683716,1.149999976158142,1.0700000524520874,1.090000033378601,1051200
2024-05-14,1.090000033378601,1.190000057220459,1.0800000429153442,1.149999976158142,1489300
2024-05-15,1.1299999952316284,1.1699999570846558,1.100000023841858,1.1299999952316284,1845600
2024-05-16,1.1349999904632568,1.149999976158142,1.1200000047683716,1.1200000047683716,1958400
2024-05-17,1.149999976158142,1.190000057220459,1.125,1.149999976158142,1560000
2024-05-20,1.1399999856948853,1.190000057220459,1.1299999952316284,1.159999966621399,1234000
2024-05-21,1.1200000047683716,1.190000057220459,1.100000023841858,1.149999976158142,1222800
2024-05-22,1.1100000143051147,1.159999966621399,1.0850000381469727,1.1299999952316284,1061000
2024-05-23,1.090000033378601,1.1299999952316284,1.090000033378601,1.100000023841858,951100
2024-05-24,1.0499999523162842,1.100000023841858,1.0399999618530273,1.090000033378601,939800
2024-05-28,0.9940000176429749,1.0700000524520874,0.9800000190734863,1.0700000524520874,1445100
2024-05-29,0.9620000123977661,1.0,0.9100000262260437,1.0,2047800
2024-05-30,0.9480000138282776,0.9800000190734863,0.9210000038146973,0.9710000157356262,838800
2024-05-31,0.968999981880188,1.0199999809265137,0.9309999942779541,0.9599999785423279,1244600
2024-06-03,0.9879999756813049,1.059999942779541,0.9639999866485596,0.9800000190734863,1894500
2024-06-04,0.9269999861717224,1.0,0.921999990940094,0.9900000095367432,1078900
2024-06-05,0.9940000176429749,0.9950000047683716,0.8989999890327454,0.925000011920929,1932900
2024-06-06,0.9729999899864197,1.0299999713897705,0.9700000286102295,1.0299999713897705,1429800
2024-06-07,0.9599999785423279,0.9879999756813049,0.925000011920929,0.9399999976158142,1750500
2024-06-10,0.9670000076293945,0.972000002861023,0.9300000071525574,0.9599999785423279,880000
2024-06-11,1.0099999904632568,1.024999976158142,0.9309999942779541,0.9409999847412109,556800
2024-06-12,1.0299999713897705,1.1100000143051147,1.0299999713897705,1.0399999618530273,1800900
2024-06-13,1.0199999809265137,1.0499999523162842,1.0099999904632568,1.0499999523162842,526100
2024-06-14,0.9570000171661377,1.0099999904632568,0.9440000057220459,0.9950000047683716,636500
2024-06-17,0.9729999899864197,0.9800000190734863,0.9449999928474426,0.9570000171661377,502900
2024-06-18,0.9300000071525574,0.9800000190734863,0.9259999990463257,0.9700000286102295,575000
2024-06-20,0.9480000138282776,0.9610000252723694,0.8999999761581421,0.9300000071525574,714800
2024-06-21,0.9760000109672546,1.0,0.9399999976158142,0.9470000267028809,1123500
2024-06-24,1.100000023841858,1.159999966621399,0.9679999947547913,0.9700000286102295,2023700
2024-06-25,1.090000033378601,1.1150000095367432,1.0499999523162842,1.100000023841858,1278900
2024-06-26,0.9950000047683716,1.149999976158142,0.9800000190734863,1.0700000524520874,1088800
2024-06-27,0.9729999899864197,1.0299999713897705,0.9589999914169312,0.9919999837875366,1375300
2024-06-28,0.8679999709129333,1.0199999809265137,0.8679999709129333,0.953000009059906,14293000
2024-07-01,0.8159999847412109,0.9139999747276306,0.8159999847412109,0.8899999856948853,1799200
2024-07-02,0.800000011920929,0.8429999947547913,0.7850000262260437,0.8220000267028809,2085600
2024-07-03,0.828000009059906,0.871999979019165,0.8149999976158142,0.8320000171661377,541400
2024-07-05,0.8190000057220459,0.8510000109672546,0.7919999957084656,0.8510000109672546,883500
2024-07-08,0.7900000214576721,0.8510000109672546,0.7850000262260437,0.8299999833106995,1338800
2024-07-09,0.843999981880188,0.859000027179718,0.7699999809265137,0.7929999828338623,1485900
2024-07-10,0.8669999837875366,0.8949999809265137,0.8309999704360962,0.8399999737739563,433900
2024-07-11,0.9620000123977661,0.9649999737739563,0.8709999918937683,0.8980000019073486,593500
2024-07-12,0.9440000057220459,1.0199999809265137,0.9399999976158142,0.9629999995231628,847200
2024-07-15,0.9679999947547913,0.996999979019165,0.9100000262260437,0.9599999785423279,1946400
2024-07-16,1.0,1.0199999809265137,0.9610000252723694,0.9700000286102295,1677000
2024-07-17,0.9800000190734863,1.0399999618530273,0.9509999752044678,0.9900000095367432,903400
2024-07-18,0.9179999828338623,0.9990000128746033,0.9160000085830688,0.968999981880188,1000700
2024-07-19,0.8899999856948853,0.9229999780654907,0.8619999885559082,0.9100000262260437,817500
2024-07-22,0.9110000133514404,0.9399999976158142,0.8849999904632568,0.9179999828338623,640700
2024-07-23,0.925000011920929,0.9399999976158142,0.8999999761581421,0.8999999761581421,736000
2024-07-24,0.9470000267028809,0.9660000205039978,0.9200000166893005,0.9390000104904175,376000
2024-07-25,0.9599999785423279,0.9990000128746033,0.9300000071525574,0.9449999928474426,474700
2024-07-26,0.9710000157356262,0.9950000047683716,0.9259999990463257,0.9779999852180481,1671700
2024-07-29,1.0299999713897705,1.0499999523162842,0.9599999785423279,0.9649999737739563,1303500
2024-07-30,1.059999942779541,1.1299999952316284,1.0399999618530273,1.059999942779541,1084000
2024-07-31,0.9890000224113464,1.0800000429153442,0.9700000286102295,1.0399999618530273,920400
2024-08-01,0.9240000247955322,1.0199999809265137,0.9240000247955322,0.9810000061988831,713900
2024-08-02,0.8899999856948853,0.9300000071525574,0.8420000076293945,0.9300000071525574,1446000
2024-08-05,0.8709999918937683,0.8799999952316284,0.824999988079071,0.824999988079071,452500
2024-08-06,0.8399999737739563,0.9599999785423279,0.8399999737739563,0.9300000071525574,1060400
2024-08-07,0.8109999895095825,0.8999999761581421,0.7900000214576721,0.8500000238418579,1031700
2024-08-08,0.8379999995231628,0.8600000143051147,0.7960000038146973,0.8209999799728394,315300
2024-08-09,0.8100000023841858,0.8450000286102295,0.8100000023841858,0.8399999737739563,329800
2024-08-12,0.8149999976158142,0.8379999995231628,0.800000011920929,0.8100000023841858,331500
2024-08-13,0.8320000171661377,0.8500000238418579,0.8109999895095825,0.8140000104904175,460300
2024-08-14,0.8080000281333923,0.8450000286102295,0.800000011920929,0.8299999833106995,429100
2024-08-15,0.8339999914169312,0.8500000238418579,0.8149999976158142,0.8299999833106995,626300
2024-08-16,0.8180000185966492,0.8489999771118164,0.8069999814033508,0.828000009059906,276100
2024-08-19,0.8140000104904175,0.8230000138282776,0.7910000085830688,0.8009999990463257,565400
2024-08-20,0.7900000214576721,0.8299999833106995,0.7850000262260437,0.8199999928474426,464600
2024-08-21,0.8090000152587891,0.8190000057220459,0.7879999876022339,0.7900000214576721,493800
2024-08-22,0.7870000004768372,0.8100000023841858,0.7720000147819519,0.8019999861717224,586900
2024-08-23,0.8339999914169312,0.8360000252723694,0.7900000214576721,0.7960000038146973,546300
2024-08-26,0.8209999799728394,0.8550000190734863,0.8199999928474426,0.8349999785423279,414900
2024-08-27,0.800000011920929,0.8500000238418579,0.7979999780654907,0.8240000009536743,294900
2024-08-28,0.7820000052452087,0.8399999737739563,0.7699999809265137,0.800000011920929,343300
2024-08-29,0.7710000276565552,0.8100000023841858,0.7710000276565552,0.8100000023841858,293200
2024-08-30,0.7599999904632568,0.7889999747276306,0.7509999871253967,0.7699999809265137,481300
2024-09-03,0.7200000286102295,0.7710000276565552,0.7110000252723694,0.7440000176429749,596500
2024-09-04,0.7129999995231628,0.7390000224113464,0.6919999718666077,0.7250000238418579,504100
2024-09-05,0.7979999780654907,0.800000011920929,0.6919999718666077,0.7039999961853027,1121300
2024-09-06,0.7300000190734863,0.7979999780654907,0.7260000109672546,0.7900000214576721,497000
2024-09-09,0.7350000143051147,0.7689999938011169,0.7300000190734863,0.7300000190734863,319200
2024-09-10,0.7250000238418579,0.75,0.7139999866485596,0.7360000014305115,290500
2024-09-11,0.7350000143051147,0.75,0.7099999785423279,0.7300000190734863,341900
2024-09-12,0.7360000014305115,0.7599999904632568,0.7200000286102295,0.7400000095367432,448000
2024-09-13,0.7639999985694885,0.7749999761581421,0.734000027179718,0.734000027179718,646500
2024-09-16,0.7649999856948853,0.800000011920929,0.7620000243186951,0.7689999938011169,414000
2024-09-17,0.75,0.781000018119812,0.75,0.7680000066757202,363700
2024-09-18,0.7369999885559082,0.7799999713897705,0.7369999885559082,0.7799999713897705,343700
2024-09-19,0.7390000224113464,0.7599999904632568,0.7250000238418579,0.7379999756813049,453900
2024-09-20,0.7379999756813049,0.75,0.722000002861023,0.7400000095367432,464100
2024-09-23,0.6980000138282776,0.75,0.6890000104904175,0.7400000095367432,671800
2024-09-24,0.703000009059906,0.7139999866485596,0.6800000071525574,0.6990000009536743,640200
2024-09-25,0.6970000267028809,0.7260000109672546,0.6800000071525574,0.7089999914169312,1417400
2024-09-26,0.7070000171661377,0.7229999899864197,0.6800000071525574,0.7009999752044678,934400
2024-09-27,0.7239999771118164,0.7289999723434448,0.6859999895095825,0.7170000076293945,933100
2024-09-30,0.8299999833106995,0.8299999833106995,0.7239999771118164,0.7260000109672546,1836800
2024-10-01,0.7570000290870667,0.8299999833106995,0.7400000095367432,0.8299999833106995,1217600
2024-10-02,0.8840000033378601,0.9430000185966492,0.7400000095367432,0.7509999871253967,3067800
2024-10-03,0.8809999823570251,0.9290000200271606,0.8399999737739563,0.8799999952316284,1803000
2024-10-04,0.8870000243186951,0.9269999861717224,0.8399999737739563,0.8790000081062317,686000
2024-10-07,0.8700000047683716,0.9010000228881836,0.8519999980926514,0.8999999761581421,740800
2024-10-08,0.8429999947547913,0.8799999952316284,0.8410000205039978,0.8650000095367432,457300
2024-10-09,0.8550000190734863,0.8650000095367432,0.8240000009536743,0.8399999737739563,579600
2024-10-10,0.847000002861023,0.8579999804496765,0.8209999799728394,0.8399999737739563,520600
2024-10-11,0.8610000014305115,0.8700000047683716,0.8399999737739563,0.8399999737739563,170600
2024-10-14,0.8500000238418579,0.871999979019165,0.8410000205039978,0.871999979019165,317400
2024-10-15,0.8370000123977661,0.8799999952316284,0.824999988079071,0.8500000238418579,215600
2024-10-16,0.8479999899864197,0.8560000061988831,0.8209999799728394,0.8270000219345093,346800
2024-10-17,0.8539999723434448,0.8690000176429749,0.8399999737739563,0.8500000238418579,150200
2024-10-18,0.8700000047683716,0.8899999856948853,0.8299999833106995,0.8299999833106995,231200
2024-10-21,0.8539999723434448,0.8849999904632568,0.8420000076293945,0.8500000238418579,145100
2024-10-22,0.8510000109672546,0.8700000047683716,0.8349999785423279,0.8429999947547913,218600
2024-10-23,0.8479999899864197,0.8650000095367432,0.8320000171661377,0.859000027179718,256200
2024-10-24,0.8159999847412109,0.8650000095367432,0.8130000233650208,0.8479999899864197,359500
2024-10-25,0.8270000219345093,0.8399999737739563,0.8199999928474426,0.8270000219345093,266600
2024-10-28,0.8999999761581421,0.8999999761581421,0.8320000171661377,0.8320000171661377,581300
2024-10-29,0.8479999899864197,0.8999999761581421,0.8450000286102295,0.8790000081062317,316400
2024-10-30,0.8399999737739563,0.8899999856948853,0.8399999737739563,0.8550000190734863,353500
2024-10-31,0.9900000095367432,1.1299999952316284,0.8700000047683716,0.8999999761581421,8385400
2024-11-01,0.902999997138977,1.0199999809265137,0.8799999952316284,0.9900000095367432,1702700
2024-11-04,0.9330000281333923,0.9490000009536743,0.9100000262260437,0.9200000166893005,428600
2024-11-05,0.8460000157356262,0.9319999814033508,0.8460000157356262,0.9100000262260437,841100
2024-11-06,0.8870000243186951,0.9290000200271606,0.8500000238418579,0.8500000238418579,1077900
2024-11-07,0.8820000290870667,0.9350000023841858,0.871999979019165,0.890999972820282,1306500
2024-11-08,0.8769999742507935,0.9200000166893005,0.8640000224113464,0.8840000033378601,980800
2024-11-11,0.921999990940094,0.9309999942779541,0.875,0.875,928800
2024-11-12,0.8980000019073486,0.949999988079071,0.878000020980835,0.9190000295639038,542900
2024-11-13,0.8659999966621399,0.9160000085830688,0.8500000238418579,0.8999999761581421,511900
2024-11-14,0.8370000123977661,0.8899999856948853,0.8309999704360962,0.8899999856948853,395600
2024-11-15,0.8140000104904175,0.8889999985694885,0.800000011920929,0.8399999737739563,843700
2024-11-18,0.7950000166893005,0.859000027179718,0.781000018119812,0.8299999833106995,241200
2024-11-19,0.7730000019073486,0.7929999828338623,0.7519999742507935,0.7770000100135803,667200
2024-11-20,0.7749999761581421,0.7929999828338623,0.7570000290870667,0.765999972820282,367100
2024-11-21,0.777999997138977,0.7979999780654907,0.7599999904632568,0.7599999904632568,282400
2024-11-22,0.8450000286102295,0.8679999709129333,0.7699999809265137,0.7699999809265137,518400
2024-11-25,0.8399999737739563,0.8740000128746033,0.8399999737739563,0.8669999837875366,452800
2024-11-26,0.8759999871253967,0.8759999871253967,0.8370000123977661,0.8500000238418579,454600
2024-11-27,0.8529999852180481,0.8799999952316284,0.8360000252723694,0.8799999952316284,366700
2024-11-29,0.8450000286102295,0.8650000095367432,0.8320000171661377,0.8500000238418579,376600
2024-12-02,0.8259999752044678,0.8399999737739563,0.8199999928474426,0.8399999737739563,315200
2024-12-03,0.8100000023841858,0.8600000143051147,0.800000011920929,0.8199999928474426,1018800
2024-12-04,0.7950000166893005,0.8199999928474426,0.7820000052452087,0.8100000023841858,1504100
2024-12-05,0.7960000038146973,0.8299999833106995,0.7639999985694885,0.7950000166893005,926600
2024-12-06,0.7680000066757202,0.8090000152587891,0.7599999904632568,0.7730000019073486,1907900
2024-12-09,0.7720000147819519,0.800000011920929,0.7599999904632568,0.7680000066757202,1045500
2024-12-10,0.7300000190734863,0.7879999876022339,0.7279999852180481,0.7599999904632568,1519500
2024-12-11,0.7289999723434448,0.7599999904632568,0.7200000286102295,0.7300000190734863,1392200
2024-12-12,0.7239999771118164,0.75,0.7110000252723694,0.7200000286102295,1139700
2024-12-13,0.699999988079071,0.7350000143051147,0.6919999718666077,0.7099999785423279,1444500
2024-12-16,0.6700000166893005,0.7179999947547913,0.6629999876022339,0.6899999976158142,1423200
2024-12-17,0.6669999957084656,0.6970000267028809,0.6499999761581421,0.6600000262260437,1495200
2024-12-18,0.6620000004768372,0.6899999976158142,0.6499999761581421,0.6700000166893005,838100
2024-12-19,0.6499999761581421,0.6899999976158142,0.6349999904632568,0.6549999713897705,996100
2024-12-20,0.6349999904632568,0.6589999794960022,0.625,0.6399999856948853,1277100
2024-12-23,0.6159999966621399,0.6549999713897705,0.6019999980926514,0.6499999761581421,1333900
2024-12-24,0.5950000286102295,0.625,0.5910000205039978,0.6019999980926514,863800
2024-12-26,0.6000000238418579,0.6200000047683716,0.5809999704360962,0.6200000047683716,1631300
2024-12-27,0.7009999752044678,0.7149999737739563,0.6000000238418579,0.6000000238418579,2262400
2024-12-30,0.699999988079071,0.734000027179718,0.6800000071525574,0.7009999752044678,998100
2024-12-31,0.6759999990463257,0.7049999833106995,0.6290000081062317,0.6899999976158142,1465900
2025-01-02,0.8119999766349792,0.8190000057220459,0.6800000071525574,0.7039999961853027,2599400
2025-01-03,0.7799999713897705,0.8299999833106995,0.7559999823570251,0.8299999833106995,658100
2025-01-06,0.8289999961853027,0.8299999833106995,0.7699999809265137,0.7829999923706055,1410300
2025-01-07,0.7689999938011169,0.8100000023841858,0.7509999871253967,0.8100000023841858,327100
2025-01-08,0.7160000205039978,0.7699999809265137,0.7070000171661377,0.7689999938011169,409900
2025-01-10,0.718999981880188,0.7599999904632568,0.6660000085830688,0.7099999785423279,849000
2025-01-13,0.6729999780654907,0.7400000095367432,0.652999997138977,0.699999988079071,573800
2025-01-14,0.6330000162124634,0.699999988079071,0.6330000162124634,0.6729999780654907,674200
2025-01-15,0.6359999775886536,0.6899999976158142,0.6129999756813049,0.6700000166893005,493800
2025-01-16,0.6980000138282776,0.6990000009536743,0.6449999809265137,0.6449999809265137,445400
2025-01-17,0.6600000262260437,0.7139999866485596,0.652999997138977,0.6809999942779541,571600
2025-01-21,0.6869999766349792,0.7200000286102295,0.6510000228881836,0.6600000262260437,838300
2025-01-22,0.6660000085830688,0.7099999785423279,0.656000018119812,0.6899999976158142,1448300
2025-01-23,0.6880000233650208,0.699999988079071,0.6629999876022339,0.6899999976158142,675900
2025-01-24,0.699999988079071,0.7160000205039978,0.6800000071525574,0.6800000071525574,433200
2025-01-27,0.6859999895095825,0.715499997138977,0.6600000262260437,0.6899999976158142,474569
